A*01:01,44KM3, 62QE, 76ANT, 79GT, 90D, 138MI, 144KR, 163R, 163RG, 166DG, 65RA, 66N, 71HS, 69AT, 102DV, 109F, 151HA, 170RY, 182TDP, 193PI, 276L
A*01:02,17RS, 44KM3, 62QE, 76ANT, 79GT, 90D, 138MI, 144KR, 163R, 163RG, 166DG, 65RA, 66N, 71HS, 69AT, 102DV, 109F, 151HA, 170RY, 182TDP, 193PI, 276L
A*01:03,44KM3, 62QE, 76ANT, 79GT, 90D, 138MI, 144KR, 163R, 163RG, 166DG, 65RA, 66N, 71HS, 69AT, 102DV, 109F, 151HA, 170RY, 182TDP, 193PI, 276L
A*01:06,44KM3, 62QE, 76ANT, 79GT, 90D, 138MI, 144KR, 163R, 163RG, 166DG, 65RA, 66N, 71HS, 69AT, 102DV, 109F, 151HA, 156LA, 170RY, 182tdp, 193pi, 276l
A*01:08,44KM3, 62QE, 76ANT, 79GT, 90D, 138MI, 144KR, 166DG, 65RA, 66N, 71HS, 69AT, 102DV, 109F, 151HA, 170RY, 182tdp, 193pi, 276l
A*01:12,44KM3, 62QE, 76ANT, 79GT, 90D, 138MI, 144KR, 150AAH, 166DG, 65RA, 66N, 71HS, 69AT, 102DV, 109F, 156QA, 163TG, 170RY, 182tdp, 193pi, 276l
A*02:01,62GE, 62GK2, 79GT, 107W, 127K, 144TKH, 150AAH, 253Q, 44RM, 65RA, 66KA, 71HS, 69AT, 73TV, 76VDT, 102DV, 105S, 109F, 156LA, 163TEW, 170RY, 184A, 193AV, 207S
A*02:02,62GE, 62GK2, 79GT, 107W, 127K, 144TKH, 150AAH, 253Q, 44RM, 65RA, 66KA, 71HS, 69AT, 73TV, 76VDT, 102DV, 105S, 109F, 156WA, 163TEW, 170RY, 184A, 193AV, 207S
A*02:03,62GE, 62GK2, 79GT, 107W, 127K, 144TKH, 149TAH, 253Q, 44RM, 65RA, 66KA, 71HS, 69AT, 73TV, 76VDT, 102DV, 105S, 109F, 145HT, 156WA, 163TEW, 170RY, 184A, 193AV, 207S
A*02:04,62GE, 62GK2, 79GT, 107W, 127K, 144TKH, 150AAH, 253Q, 44RM, 65RA, 66KA, 71HS, 69AT, 73TV, 76VDT, 102DV, 105S, 109F, 156LA, 163TEW, 170RY, 184A, 193AV, 207S
A*02:05,62GE, 62GK2, 79GT, 107W, 127K, 144TKH, 150AAH, 253Q, 44RM, 65RA, 66KA, 71HS, 69AT, 73TV, 76VDT, 102DV, 105S, 109F, 156WA, 163TEW, 170RY, 184A, 193AV, 207S
A*02:06,62GE, 62GK2, 79GT, 107W, 127K, 144TKH, 150AAH, 253Q, 44RM, 65RA, 66KA, 71HS, 69AT, 73TV, 76VDT, 102DV, 105S, 109F, 156LA, 163TEW, 170RY, 184A, 193AV, 207S
A*02:07,62GE, 62GK2, 79GT, 107W, 127K, 144TKH, 150AAH, 253Q, 44RM, 65RA, 66KA, 71HS, 69AT, 73TV, 76VDT, 102DV, 105S, 109F, 156LA, 163TEW, 170RY, 184A, 193AV, 207S
A*02:08,62GE, 79GT, 107W, 127K, 144TKH, 150AAH, 253Q, 44RM, 65RA, 66N, 71HS, 69AT, 73TV, 76VDT, 102DV, 105S, 109F, 156WA, 163TEW, 170RY, 184a, 193av, 207s
A*02:09,62GE, 62GK2, 79GT, 107W, 127K, 144TKH, 150AAH, 253Q, 44RM, 65RA, 66KA, 71HS, 69AT, 73TV, 76VDT, 102DV, 105S, 109F, 156LA, 163TEW, 170RY, 184A, 193AV, 207S
A*02:10,62GE, 62GK2, 79GT, 127K, 144TKH, 150AAH, 253Q, 44RM, 65RA, 66KA, 71HS, 69AT, 73TV, 76VDT, 102DV, 105S, 109F, 156LA, 163TEW, 170RY, 184A, 193AV, 207S
A*02:11,62GE, 62GK2, 79GT, 107W, 127K, 144TKH, 150AAH, 253Q, 44RM, 65RA, 66KA, 71HS, 76VDT, 102DV, 105S, 109F, 156LA, 163TEW, 170RY, 184A, 193AV, 207S
A*02:12,62GE, 62GK2, 79GT, 107W, 127K, 144TKH, 150AAH, 253Q, 44RM, 65RA, 66KA, 71HS, 69AT, 73TV, 76VDT, 102DV, 105S, 109F, 156QA, 163TEW, 170RY, 184A, 193AV, 207S
A*02:13,62GE, 62GK2, 79GT, 107W, 127K, 144TKH, 150AAH, 253Q, 44RM, 65RA, 66KA, 71HS, 69AT, 73TV, 76VDT, 102DV, 105S, 109F, 156QA, 163TEW, 170RY, 184A, 193AV, 207S
A*02:14,62GE, 62GK2, 79GT, 107W, 127K, 144TKH, 150AAH, 253Q, 44RM, 65RA, 66KA, 71HS, 69AT, 73TV, 76VDT, 102DV, 105S, 109F, 156LA, 163TEW, 170RY, 184A, 193AV, 207S
A*02:16,62GE, 62GK2, 79GT, 107W, 127K, 144TKH, 150AAH, 163EW, 253Q, 44RM, 65RA, 66KA, 71HS, 69AT, 73TV, 76VDT, 102DV, 105S, 109F, 156LA, 170RY, 184A, 193AV, 207S
A*02:17,62GE, 62GK2, 79GT, 107W, 127K, 144TKH, 150AAH, 253Q, 44RM, 65RA, 66KA, 71HS, 69AT, 73TV, 76VDT, 102DV, 105S, 109F, 156LA, 163TEW, 170RY, 184A, 193AV, 207S
A*02:19,62GE, 62GK2, 79GT, 107W, 127K, 138MI, 144KR, 150AAH, 166DG, 253Q, 44RM, 65RA, 66KA, 71HS, 69AT, 73TV, 76VDT, 102DV, 105S, 109F, 156QA, 163TG, 170RY, 184a, 193av, 207s
A*02:20,62GE, 79GT, 107W, 127K, 144TKH, 150AAH, 253Q, 44RM, 65RA, 66N, 71HS, 69AT, 73TV, 76VDT, 102DV, 105S, 109F, 156LA, 163TEW, 170RY, 184A, 193AV, 207S
A*02:21,62GE, 62GK2, 79GT, 107W, 127K, 144TKH, 150AAH, 253Q, 44RM, 65RA, 66KA, 71HS, 69AT, 73TV, 76VDT, 102DV, 105S, 109F, 156LA, 163TEW, 170RY, 184A, 193AV, 207S
A*02:22,62GE, 62GK2, 79GT, 107W, 127K, 144TKH, 150AAH, 253Q, 44RM, 65RA, 66KA, 71HS, 69AT, 73TV, 76VDT, 102DV, 105S, 109F, 156WA, 163TEW, 170RY, 184A, 193AV, 207S
A*02:24,62GE, 62GK2, 79GT, 107W, 144TKH, 150AAH, 253Q, 44RM, 65RA, 66KA, 71HS, 69AT, 73TV, 76VDT, 102DV, 105S, 109F, 156LA, 163TEW, 170RY, 184A, 193AV, 207S
A*02:25,62GE, 62GK2, 79GT, 107W, 127K, 144TKH, 149TAH, 253Q, 44RM, 65RA, 66KA, 71HS, 69AT, 73TV, 76VDT, 102DV, 105S, 109F, 145HT, 156LA, 163TEW, 170RY, 184a, 193av, 207s
A*02:26,62GE, 62GK2, 79GT, 107W, 127K, 144TKH, 150AAH, 253Q, 44RM, 65RA, 66KA, 71HS, 69AT, 73TV, 76VDT, 102DV, 105S, 109F, 156LA, 163TEW, 170RY, 184A, 193AV, 207S
A*02:27,62GE, 62GK2, 79GT, 107W, 127K, 144TKH, 150AAH, 151AHA, 253Q, 44RM, 65RA, 66KA, 71HS, 69AT, 73TV, 76VDT, 102DV, 105S, 109F, 156QA, 163TEW, 170RY, 184a, 193av, 207s
A*02:28,62GE, 62GK2, 79GT, 107W, 127K, 144TKH, 150AAH, 253Q, 44RM, 65RA, 66KA, 71HS, 69AT, 73TV, 76VDT, 102DV, 105S, 109F, 156LA, 163TEW, 170RY, 184A, 193AV, 207S
A*02:29,62GE, 79GT, 107W, 127K, 144TKH, 150AAH, 253Q, 44RM, 65RA, 71HS, 69AT, 73TV, 76VDT, 102DV, 105S, 109F, 156LA, 163TEW, 170RY, 184A, 193AV, 207S
A*02:30,62GE, 62GK2, 79GT, 107W, 127K, 144TKH, 150AAH, 253Q, 44RM, 65RA, 66KA, 71HS, 69AT, 73TV, 76VDT, 102DV, 105S, 109F, 156LA, 163TEW, 170RY, 184A, 193AV, 207S
A*02:34,62GE, 62GK2, 79GT, 107W, 127K, 144TKH, 150AAH, 253Q, 44RM, 65RA, 66KA, 71QS, 69AT, 73TV, 76VDT, 102DV, 105S, 109F, 156LA, 163TEW, 170RY, 184A, 193AV, 207S
A*02:35,62GE, 62GK2, 79GT, 107W, 127K, 144TKH, 150AAH, 253Q, 44RM, 65RA, 66KA, 71QS, 69AT, 73TV, 76VDT, 102DV, 105S, 109F, 156LA, 163TEW, 170RY, 184a, 193av, 207s
A*02:36,62GE, 62GK2, 79GT, 107W, 127K, 144TKH, 150AAH, 166DG, 253Q, 44RM, 65RA, 66KA, 71HS, 69AT, 73TV, 76VDT, 102DV, 105S, 109F, 156LA, 163TG, 170RY, 184a, 193av, 207s
A*02:37,62GE, 62GK2, 79GT, 107W, 127K, 144TKH, 150AAH, 166DG, 253Q, 44RM, 65RA, 66KA, 71HS, 69AT, 73TV, 76VDT, 102DV, 105S, 109F, 156QA, 163TG, 170RY, 184a, 193av, 207s
A*02:38,62GE, 62GK2, 79GT, 107W, 127K, 144TKH, 149TAH, 163R, 163RW, 253Q, 44RM, 65RA, 66KA, 71HS, 69AT, 73TV, 76VDT, 102DV, 105S, 109F, 145HT, 156QA, 170RY, 184a, 193av, 207s
A*02:39,62GE, 62GK2, 79GT, 127K, 138MI, 150AAH, 253Q, 44RM, 65RA, 66KA, 71HS, 69AT, 73TV, 76VDT, 102DV, 105S, 109F, 156LA, 163TEW, 170RY, 184a, 193av, 207s
A*02:40,62GE, 62GK2, 79GT, 107W, 127K, 144TKH, 253Q, 44RM, 65RA, 66KA, 71HS, 69AT, 73TV, 76VDT, 102DV, 105S, 109F, 156LA, 163TEW, 170RY, 184A, 193AV, 207S
A*02:44,62GE, 62GK2, 79GT, 107W, 127K, 138MI, 144KR, 150AAH, 253Q, 44RM, 65RA, 66KA, 71HS, 69AT, 73TV, 76VDT, 102DV, 105S, 109F, 156QA, 163TEW, 170RY, 184A, 193AV, 207S
A*02:45,62QE, 79GT, 107W, 127K, 144TKH, 150AAH, 253Q, 44RM, 65RA, 66KA, 71HS, 69AT, 73TV, 76VDT, 102DV, 105S, 109F, 156LA, 163TEW, 170RY, 184a, 193av, 207s
A*02:47,62GE, 62GK2, 79GT, 107W, 127K, 144TKH, 150AAH, 253Q, 44RM, 65RA, 66KA, 71HS, 76VDT, 102DV, 105S, 109F, 156WA, 163TEW, 170RY, 184a, 193av, 207s
A*02:48,62EE, 65GK, 79GT, 107W, 127K, 144TKH, 150AAH, 253Q, 44RM, 66KA, 71HS, 69AT, 73TV, 76VDT, 102DV, 105S, 109F, 156LA, 163TEW, 170RY, 184A, 193AV, 207S
A*02:49,62GE, 62GK2, 79GT, 107W, 127K, 144TKH, 150AAH, 253Q, 44RM, 65RA, 66KA, 71HS, 69AT, 73TV, 76VDT, 102DV, 105S, 109F, 156RA, 163TEW, 170RY, 184A, 193AV, 207S
A*02:51,62GE, 62GK2, 79GT, 107W, 127K, 144TKH, 253Q, 44RM, 65RA, 66KA, 71HS, 69AT, 73TV, 76VDT, 102DV, 105S, 109F, 156LA, 163TEW, 170RY, 184A, 193AV, 207S
A*02:54,62GE, 62GK2, 79GT, 107W, 127K, 144TKH, 150AAH, 166DG, 253Q, 44RM, 65RA, 66KA, 71HS, 69AT, 73TV, 76VDT, 102DV, 105S, 109F, 156QA, 163TG, 170RY, 184a, 193av, 207s
A*02:57,62GE, 62GK2, 79GT, 107W, 127K, 144TKH, 150AAH, 253Q, 44RM, 65RA, 66KA, 71HS, 69AT, 73TV, 76VDT, 102DV, 105S, 109F, 156LA, 163TEW, 170RY, 184A, 193AV, 207S
A*02:58,62GE, 62GK2, 79GT, 107W, 127K, 144TKH, 150AAH, 253Q, 44RM, 65RA, 66KA, 71HS, 69AT, 73TV, 76VDT, 102DV, 105S, 109F, 156LA, 163TEW, 170RY, 184a, 193av, 207s
A*02:60,62GE, 62GK2, 79GT, 107W, 127K, 144TKH, 150AAH, 253Q, 44RM, 65RA, 66KA, 71HS, 69AT, 73TV, 76VDT, 102DV, 105S, 109F, 156LA, 163TEW, 170RY, 184A, 193AV, 207S
A*02:63,62GE, 62GK2, 79GT, 107W, 127K, 144TKH, 150AAH, 253Q, 65RA, 66KA, 71HS, 69AT, 73TV, 76VDT, 102DV, 105S, 109F, 156WA, 163TEW, 170RY, 184a, 193av, 207s
A*02:64,62GE, 62GK2, 79GT, 107W, 127K, 144TKH, 150AAH, 253Q, 44RM, 65RA, 66KA, 71HS, 69AT, 73TV, 76VDT, 102DV, 105S, 109F, 156LA, 163TEW, 170RY, 184A, 193AV, 207S
A*02:66,62GE, 62GK2, 79GT, 107W, 127K, 144TKH, 150AAH, 253Q, 44RM, 65RA, 66KA, 71HS, 69AT, 73TV, 76VDT, 102DV, 105S, 109F, 156LA, 163TEW, 170RY, 184A, 193AV, 207S
A*02:87,62GE, 62GK2, 80I, 82LR, 107W, 127K, 144TKH, 150AAH, 253Q, 44RM, 65RA, 66KA, 71HS, 69AT, 76EN, 102DV, 105S, 109F, 156LA, 163TEW, 170RY, 184A, 193AV, 207S
A*03:01,62QE, 79GT, 138MI, 144KR, 150AAH, 161D, 44RM, 65RA, 66N, 71QS, 69AT, 73TV, 76VDT, 102DV, 105S, 109F, 156LA, 163TEW, 170RY, 182TDP, 193PI, 276L
A*03:02,62QE, 79GT, 138MI, 144KR, 150AAH, 161D, 44RM, 65RA, 66N, 71QS, 69AT, 73TV, 76VDT, 102DV, 105S, 109F, 156QA, 163TEW, 170RY, 182TDP, 193PI, 276L
A*03:05,62QE, 79GT, 138MI, 144KR, 150AAH, 44RM, 65RA, 66N, 71QS, 69AT, 73TV, 76VDT, 102DV, 105S, 109F, 156LA, 163TEW, 170RY, 182TDP, 193PI, 276l
A*03:07,62QE, 79GT, 138MI, 144KR, 150AAH, 161D, 44RM, 65RA, 66N, 71QS, 69AT, 73TV, 76VDT, 102DV, 105S, 109F, 156LA, 163TEW, 170RY, 182tdp, 193pi, 276l
A*03:08,62QE, 79GT, 138MI, 144KR, 150AAH, 161D, 44RM, 65RA, 66N, 71HS, 69AT, 73TV, 76VDT, 102DV, 105S, 109F, 156LA, 163TEW, 170RY, 182tdp, 193pi, 276l
A*03:09,62QE, 79GT, 138MI, 144KR, 150AAH, 161D, 44RM, 65RA, 66N, 71QS, 69AT, 73TV, 76VDT, 102DV, 105S, 109F, 156LA, 163TEW, 170RY, 182tdp, 193pi, 276l
A*11:01,62QE, 79GT, 90D, 138MI, 144KR, 150AAH, 151AHA, 163R, 163RW, 44RM, 65RA, 66N, 71QS, 69AT, 73TV, 76VDT, 102DV, 109F, 151HA, 156QA, 170RY, 182TDP, 193PI, 276L
A*11:02,62QE, 79GT, 90D, 138MI, 144KR, 150AAH, 151AHA, 163R, 163RW, 19K, 44RM, 65RA, 66N, 71QS, 69AT, 73TV, 76VDT, 102DV, 109F, 151HA, 156QA, 170RY, 182TDP, 193PI, 276L
A*11:03,62QE, 79GT, 90D, 138MI, 144KR, 163R, 163RW, 44RM, 65RA, 66N, 71QS, 69AT, 73TV, 76VDT, 102DV, 109F, 152RE, 156QA, 170RY, 182TDP, 193PI, 276L
A*11:04,62QE, 79GT, 90D, 138MI, 144KR, 150AAH, 151AHA, 44RM, 65RA, 66N, 71QS, 69AT, 73TV, 76VDT, 102DV, 109F, 151HA, 156QA, 163TEW, 170RY, 182TDP, 193PI, 276L
A*11:05,62QE, 79GT, 90D, 138MI, 150AAH, 151AHA, 163R, 163RW, 44RM, 65RA, 66N, 71QS, 69AT, 73TV, 76VDT, 102DV, 109F, 151HA, 156QA, 170RY, 182TDP, 193PI, 276L
A*11:06,62QE, 79GT, 90D, 138MI, 144KR, 150AAH, 151AHA, 163R, 163RW, 44RM, 65RA, 66N, 71QS, 69AT, 73TV, 76VDT, 102DV, 109F, 151HA, 156QA, 170RY, 182tdp, 193pi, 276l
A*11:08,62QE, 79GT, 90D, 138MI, 144KR, 150AAH, 163R, 163RW, 44RM, 65RA, 66N, 71QS, 69AT, 73TV, 76VDT, 102DV, 109F, 156RA, 170RY, 182tdp, 193pi, 276l
A*11:12,62QE, 79GT, 138MI, 144KR, 150AAH, 151AHA, 163R, 163RW, 44RM, 65RA, 66N, 71QS, 69AT, 73TV, 76VDT, 102DV, 109F, 151HA, 156QA, 170RY, 182TDP, 193PI, 276L
A*23:01,62EE, 65GK, 80I, 82LR, 127K, 138MI, 166DG, 44RM, 66KA, 71HS, 69AT, 76EN, 102DV, 105S, 109F, 156LA, 163TG, 170RY, 182TDP, 193PI
A*23:02,62EE, 65GK, 80I, 82LR, 127K, 138MI, 166DG, 44RM, 66KA, 71HS, 69AT, 76EN, 102DV, 105S, 109F, 156WA, 163TG, 170RY, 182TDP, 193PI
A*23:03,62EE, 65GK, 80I, 82LR, 138MI, 166DG, 44RM, 66KA, 71HS, 69AT, 76EN, 102DV, 105S, 109F, 156LA, 163TG, 170RY, 182tdp, 193pi
A*24:02,62EE, 65GK, 80I, 82LR, 127K, 138MI, 144KR, 150AAH, 166DG, 44RM, 66KA, 71HS, 69AT, 76EN, 102DV, 105S, 109F, 156QA, 163TG, 170RY, 182TDP, 193PI
A*24:03,62EE, 65GK, 80I, 82LR, 127K, 138MI, 144KR, 150AAH, 44RM, 66KA, 71HS, 69AT, 76EN, 102DV, 105S, 109F, 156QA, 163TEW, 170RY, 182TDP, 193PI
A*24:04,62EE, 65GK, 76ANT, 79GT, 127K, 138MI, 144KR, 150AAH, 166DG, 44RM, 66KA, 71HS, 69AT, 102DV, 105S, 109F, 156QA, 163TG, 170RY, 182TDP, 193PI
A*24:05,62EE, 65GK, 80I, 82LR, 127K, 138MI, 150AAH, 166DG, 44RM, 66KA, 71HS, 69AT, 76EN, 102DV, 105S, 109F, 156QA, 163TG, 170RY, 182TDP, 193PI
A*24:06,62EE, 65GK, 80I, 82LR, 127K, 138MI, 144KR, 150AAH, 166DG, 44RM, 66KA, 71HS, 69AT, 76EN, 102DV, 105S, 109F, 156WA, 163TG, 170RY, 182tdp, 193pi
A*24:07,62EE, 65GK, 80I, 82LR, 127K, 138MI, 144KR, 150AAH, 166DG, 44RM, 66KA, 71QS, 69AT, 76EN, 102DV, 105S, 109F, 156QA, 163TG, 170RY, 182TDP, 193PI
A*24:08,62GE, 62GK2, 80I, 82LR, 127K, 138MI, 144KR, 150AAH, 166DG, 44RM, 65RA, 66KA, 71HS, 69AT, 76EN, 102DV, 105S, 109F, 156QA, 163TG, 170RY, 182TDP, 193PI
A*24:10,62EE, 65GK, 80I, 82LR, 127K, 138MI, 144KR, 150AAH, 163R, 163RW, 44RM, 66KA, 71HS, 69AT, 76EN, 102DV, 105S, 109F, 156QA, 170RY, 182TDP, 193PI
A*24:13,62EE, 65GK, 80I, 82LR, 127K, 138MI, 144KR, 150AAH, 166DG, 44RM, 66KA, 71HS, 69AT, 76EN, 102DV, 105S, 109F, 156LA, 163TG, 170RY, 182TDP, 193PI
A*24:14,62EE, 65GK, 80I, 82LR, 107W, 127K, 138MI, 144KR, 150AAH, 166DG, 44RM, 66KA, 71HS, 69AT, 76EN, 102DV, 105S, 109F, 156QA, 163TG, 170RY, 182tdp, 193pi
A*24:15,62EE, 65GK, 80I, 82LR, 127K, 138MI, 144KR, 150AAH, 166DG, 44RM, 66KA, 71HS, 69AT, 76EN, 102DV, 109F, 156QA, 163TG, 170RY, 182tdp, 193pi
A*24:17,62EE, 65GK, 80I, 82LR, 127K, 138MI, 144KR, 150AAH, 166DG, 44RM, 66KA, 71HS, 69AT, 76EN, 102DV, 105S, 109F, 156QA, 163TG, 170RY, 182TDP, 193PI
A*24:18,62EE, 65GK, 80I, 82LR, 127K, 138MI, 144KR, 150AAH, 161D, 44RM, 66KA, 71HS, 69AT, 76EN, 102DV, 105S, 109F, 156LA, 163TEW, 170RY, 182tdp, 193pi
A*24:20,62EE, 65GK, 80I, 82LR, 127K, 138MI, 144KR, 150AAH, 166DG, 44RM, 66KA, 71HS, 69AT, 76EN, 102DV, 105S, 109F, 156QA, 163TG, 170RY, 182TDP, 193PI
A*24:22,62EE, 65GK, 80I, 82LR, 127K, 138MI, 144KR, 150AAH, 44RM, 66KA, 71HS, 69AT, 76EN, 102DV, 105S, 109F, 163TEW, 170RY, 182TDP, 193PI
A*24:23,62EE, 65GK, 80I, 82LR, 127K, 138MI, 144KR, 150AAH, 44RM, 66KA, 71HS, 69AT, 76EN, 102DV, 105S, 109F, 156QA, 163TG, 170RY, 182tdp, 193pi
A*24:25,62EE, 65GK, 80I, 82LR, 127K, 138MI, 144KR, 150AAH, 166DG, 44RM, 66KA, 71HS, 69AT, 76EN, 102DV, 105S, 109F, 156QA, 163TG, 170RY, 182TDP, 193PI
A*24:26,62EE, 65GK, 80I, 82LR, 127K, 138MI, 144KR, 150AAH, 166DG, 44RM, 66KA, 71HS, 69AT, 76EN, 102DV, 105S, 109F, 156QA, 163TG, 170RY, 182tdp, 193pi
A*24:28,62EE, 65GK, 79GT, 127K, 138MI, 144KR, 150AAH, 166DG, 44RM, 66KA, 71HS, 69AT, 73TV, 76VDT, 102DV, 105S, 109F, 156QA, 163TG, 170RY, 182TDP, 193PI
A*24:30,62EE, 65GK, 80I, 82LR, 127K, 138MI, 144KR, 150AAH, 166DG, 44RM, 66KA, 71HS, 69AT, 76EN, 102DV, 105S, 109F, 156QA, 163TG, 170RY, 182TDP, 193PI
A*24:32,62EE, 65GK, 76ESI, 80I, 82LR, 127K, 138MI, 144KR, 150AAH, 166DG, 44RM, 66KA, 71HS, 69AT, 76ES, 102DV, 105S, 109F, 156QA, 163TG, 170RY, 182tdp, 193pi
A*24:33,62EE, 65GK, 80I, 82LR, 127K, 138MI, 144KR, 150AAH, 253Q, 44RM, 66KA, 71HS, 69AT, 76EN, 102DV, 105S, 109F, 156QA, 163TEW, 170RY, 184A, 193AV, 207S
A*24:53,62EE, 65GK, 80I, 82LR, 127K, 138MI, 144KR, 150AAH, 166DG, 44RM, 66KA, 71HS, 69AT, 76EN, 102DV, 105S, 109F, 156QA, 163TG, 170RY, 182TDP, 193PI
A*25:01,62RR, 76ESI, 80I, 82LR, 90D, 138MI, 149TAH, 163R, 163RW, 253Q, 44RM, 65RA, 66N, 71HS, 69AT, 76ES, 102DV, 109F, 156WA, 170RY, 184A, 193AV, 207S, 245AS
A*25:02,62RR, 76ESI, 80I, 82LR, 90D, 138MI, 149TAH, 163R, 163RW, 253Q, 44RM, 65RA, 66N, 71QS, 69AT, 76ES, 102DV, 109F, 156WA, 170RY, 184A, 193AV, 207S, 245AS
A*25:03,62RR, 76ESI, 80I, 82LR, 90D, 138MI, 149TAH, 163R, 163RW, 253Q, 44RM, 65RA, 66N, 71HS, 69AT, 76ES, 102DV, 109F, 156WA, 170RY, 184A, 193av, 207s, 245as
A*26:01,62RR, 76ANT, 79GT, 90D, 138MI, 149TAH, 163R, 163RW, 253Q, 44RM, 65RA, 66N, 71HS, 69AT, 102DV, 109F, 156WA, 170RY, 184A, 193AV, 207S, 245AS
A*26:02,62RR, 76ANT, 79GT, 90D, 138MI, 149TAH, 163R, 163RW, 253Q, 44RM, 65RA, 66N, 71HS, 69AT, 102DV, 109F, 156WA, 170RY, 184A, 193AV, 207S, 245AS
A*26:03,62RR, 79GT, 90D, 138MI, 149TAH, 163R, 163RW, 253Q, 44RM, 65RA, 66N, 71HS, 69AT, 73TV, 76VDT, 102DV, 109F, 156WA, 170RY, 184A, 193AV, 207S, 245AS
A*26:05,62RR, 79GT, 90D, 138MI, 149TAH, 163R, 163RW, 253Q, 44RM, 65RA, 66N, 71HS, 69AT, 76EN, 76EG, 102DV, 109F, 156WA, 170RY, 184A, 193AV, 207S, 245AS
A*26:06,62RR, 79GT, 90D, 138MI, 149TAH, 163R, 163RW, 253Q, 44RM, 65RA, 66N, 71HS, 69AT, 73TV, 76VDT, 102DV, 109F, 156WA, 170RY, 184A, 193AV, 207S, 245AS
A*26:07,62GE, 62GK2, 76ANT, 79GT, 90D, 138MI, 149TAH, 163R, 163RW, 253Q, 44RM, 65RA, 66KA, 71HS, 69AT, 102DV, 109F, 156WA, 170RY, 184A, 193AV, 207S, 245AS
A*26:08,62RR, 76ANT, 79GT, 90D, 138MI, 149TAH, 163R, 163RW, 253Q, 44RM, 65RA, 66N, 71HS, 69AT, 102DV, 109F, 156QA, 170RY, 184A, 193AV, 207S, 245AS
A*26:09,62RR, 76ANT, 79GT, 90D, 138MI, 149TAH, 253Q, 44RM, 65RA, 66N, 71HS, 69AT, 102DV, 109F, 156WA, 163TEW, 170RY, 184A, 193av, 207s, 245as
A*26:12,62RR, 76ANT, 79GT, 90D, 138MI, 149TAH, 163R, 163RW, 253Q, 44RM, 65RA, 66N, 71HS, 69AT, 102DV, 109F, 156WA, 170RY, 184A, 193av, 207s, 245as
A*26:16,62RR, 76ANT, 79GT, 90D, 138MI, 149TAH, 163R, 163RW, 253Q, 44RM, 65RA, 66N, 71HS, 69AT, 102DV, 109F, 156WA, 170RY, 184A, 193av, 207s, 245as
A*26:17,62RR, 76ANT, 79GT, 90D, 138MI, 149TAH, 163R, 163RW, 253Q, 44RM, 65RA, 66N, 71HS, 69AT, 102DV, 109F, 156WA, 170RY, 184A, 193AV, 207S, 245AS
A*26:20,62RR, 76ANT, 79GT, 90D, 138MI, 149TAH, 163R, 163RW, 253Q, 44RM, 65RA, 66N, 71HS, 69AT, 102DV, 109F, 156WA, 170RY, 184A, 193AV, 207S, 245AS
A*29:01,62LQ, 76ANT, 79GT, 138MI, 253Q, 44RM, 65RA, 66N, 71QS, 69AT, 102HV, 105S, 109F, 156LA, 163TEW, 170RY, 184A, 193AV, 207S, 245AS
A*29:02,62LQ, 76ANT, 79GT, 138MI, 253Q, 44RM, 65RA, 66N, 71QS, 69AT, 102DV, 105S, 109F, 156LA, 163TEW, 170RY, 184A, 193AV, 207S, 245AS
A*29:03,62LQ, 76ANT, 79GT, 138MI, 166DG, 253Q, 44RM, 65RA, 66N, 71QS, 69AT, 102DV, 105S, 109F, 156LA, 163TG, 170RY, 184A, 193AV, 207S, 245AS
A*29:09,62LQ, 76ANT, 79GT, 138MI, 144KR, 253Q, 44RM, 65RA, 66N, 71QS, 69AT, 102DV, 105S, 109F, 156LA, 163TEW, 170RY, 184A, 193av, 207s, 245as
A*29:10,62LQ, 76ANT, 79GT, 138MI, 177KT, 253Q, 44RM, 65RA, 66N, 71QS, 69AT, 102DV, 105S, 109F, 156LA, 163TEW, 170RY, 184A, 193av, 207s, 245as
A*30:01,17RS, 56R, 62QE, 79GT, 138MI, 44RM, 65RA, 66N, 71QS, 69AT, 73TV, 76VDT, 102DV, 105S, 109F, 156LA, 163TEW, 170RY, 182TDP, 193PI, 276L
A*30:02,17RS, 56R, 62QE, 79GT, 138MI, 44RM, 65RA, 66N, 71HS, 69AT, 76EN, 76EG, 102DV, 105S, 109F, 152RR, 156LA, 163TEW, 170RY, 182TDP, 193PI, 276L
A*30:03,17RS, 62QE, 79GT, 138MI, 44RM, 65RA, 66N, 71HS, 69AT, 76EN, 76EG, 102DV, 105S, 109F, 152RR, 156LA, 163TEW, 170RY, 182TDP, 193PI, 276l
A*30:04,17RS, 56R, 62QE, 79GT, 138MI, 150AAH, 44RM, 65RA, 66N, 71HS, 69AT, 76EN, 76EG, 102DV, 105S, 109F, 156WA, 163TEW, 170RY, 182TDP, 193PI, 276L
A*30:07,17RS, 56R, 62EE, 65GK, 79GT, 138MI, 44RM, 66KA, 71HS, 69AT, 76EN, 76EG, 102DV, 105S, 109F, 152RR, 156LA, 163TEW, 170RY, 182tdp, 193pi, 276l
A*30:09,17RS, 56R, 62QE, 79GT, 138MI, 44RM, 65RA, 66N, 71HS, 69AT, 76EN, 76EG, 102DV, 105S, 109F, 156LA, 163TEW, 170RY, 182tdp, 193pi, 276l
A*30:10,17RS, 56R, 62QE, 79GT, 138MI, 44RM, 65RA, 66N, 71HS, 69AT, 76EN, 76EG, 102DV, 105S, 109F, 152RR, 156LA, 163TEW, 170RY, 182TDP, 193PI, 276l
A*30:11,17RS, 62QE, 79GT, 138MI, 44RM, 65RA, 66N, 71QS, 69AT, 73TV, 76VDT, 102DV, 105S, 109F, 156LA, 163TEW, 170RY, 182tdp, 193pi, 276l
A*31:01,56R, 62QE, 79GT, 138MI, 253Q, 44RM, 65RA, 66N, 71HS, 76VDT, 102DV, 105S, 109F, 156LA, 163TEW, 170RY, 182TDP, 193AV, 207S, 245AS
A*31:02,56R, 62QE, 79GT, 138MI, 253Q, 44RM, 65RA, 66KA, 71HS, 76VDT, 102DV, 105S, 109F, 156LA, 163TEW, 170RY, 182tdp, 193av, 207s, 245as
A*31:03,56R, 62QE, 79GT, 90D, 138MI, 253Q, 44RM, 65RA, 66N, 71HS, 76VDT, 102DV, 105S, 109F, 156LA, 163TEW, 170RY, 182tdp, 193av, 207s, 245as
A*31:04,56R, 62QE, 79GT, 138MI, 253Q, 44RM, 65RA, 66N, 71HS, 76VDT, 102DV, 105S, 109F, 156LA, 163TEW, 170RY, 182TDP, 193AV, 207S, 245AS
A*31:05,56R, 62QE, 79GT, 138MI, 166DG, 253Q, 44RM, 65RA, 66N, 71HS, 76VDT, 102DV, 105S, 109F, 156LA, 163TG, 170RY, 182TDP, 193AV, 207S, 245AS
A*31:06,56R, 62QE, 79GT, 138MI, 253Q, 44RM, 65RA, 66N, 71HS, 76VDT, 102DV, 105S, 109F, 156LA, 163TEW, 170RY, 182tdp, 193av, 207s, 245as
A*31:08,62EE, 65GK, 80I, 82LR, 138MI, 253Q, 44RM, 66KA, 71HS, 69AT, 76EN, 102DV, 105S, 109F, 156LA, 163TEW, 170RY, 182tdp, 193av, 207s, 245as
A*32:01,62QE, 76ESI, 80I, 82LR, 138MI, 253Q, 44RM, 65RA, 66N, 71HS, 69AT, 76ES, 102DV, 156LA, 163TEW, 170RY, 184A, 193AV, 207S, 245AS
A*32:02,62QE, 76ESI, 80I, 82LR, 138MI, 150AAH, 253Q, 44RM, 65RA, 66N, 71HS, 69AT, 76ES, 102DV, 156QA, 163TEW, 170RY, 184A, 193AV, 207S, 245AS
A*32:03,62QE, 80I, 82LR, 138MI, 253Q, 44RM, 65RA, 66N, 71HS, 69AT, 76EN, 102DV, 156LA, 163TEW, 170RY, 184A, 193av, 207s, 245as
A*32:04,62QE, 76ESI, 80I, 82LR, 138MI, 144KR, 150AAH, 161D, 253Q, 44RM, 65RA, 66N, 71HS, 69AT, 76ES, 102DV, 105S, 109F, 156LA, 163TEW, 170RY, 184A, 193av, 207s, 245as
A*32:06,62QE, 76ESI, 80I, 82LR, 138MI, 150AAH, 253Q, 44RM, 65RA, 66N, 71HS, 69AT, 76ES, 102DV, 156LA, 163TEW, 170RY, 184A, 193av, 207s, 245as
A*32:07,62QE, 76ESI, 80I, 82LR, 138MI, 253Q, 44RM, 65RA, 66N, 71HS, 69AT, 76ES, 102DV, 156LA, 163TEW, 170RY, 184A, 193av, 207s, 245as
A*32:08,62QE, 76ESI, 80I, 82LR, 138MI, 253Q, 44RM, 65RA, 66N, 71HS, 69AT, 76ES, 102DV, 156LA, 163TEW, 170RY, 184A, 193av, 207s, 245as
A*33:01,62RR, 79GT, 138MI, 253Q, 44RM, 65RA, 66N, 71HS, 76VDT, 102DV, 105S, 109F, 156LA, 163TEW, 170RH, 186R, 182TDP, 193AV, 207S, 245AS
A*33:03,62RR, 79GT, 138MI, 253Q, 44RM, 65RA, 66N, 71HS, 76VDT, 102DV, 105S, 109F, 156LA, 163TEW, 170RY, 186r, 182TDP, 193AV, 207S, 245AS
A*33:04,62RR, 79GT, 131S, 138MI, 253Q, 44RM, 65RA, 66N, 71HS, 76VDT, 102DV, 105S, 109F, 156LA, 163TEW, 170RH, 186r, 182tdp, 193av, 207s, 245as
A*33:05,62RR, 79GT, 138MI, 253Q, 44RM, 65RA, 66N, 71HS, 76VDT, 102DV, 105S, 109F, 156LA, 163TEW, 170RH, 186R, 182TDP, 193AV, 207S, 245AS
A*34:01,62RR, 79GT, 90D, 138MI, 149TAH, 253Q, 44RM, 65RA, 66KA, 71QS, 69AT, 73TV, 76VDT, 102DV, 109F, 156WA, 163TEW, 170RY, 184A, 193AV, 207S, 245AS
A*34:02,62RR, 79GT, 90D, 138MI, 149TAH, 253Q, 44RM, 65RA, 66N, 71QS, 69AT, 73TV, 76VDT, 102DV, 105S, 109F, 156LA, 163TEW, 170RY, 184A, 193AV, 207S, 245AS
A*34:03,62RR, 79GT, 90D, 138MI, 150AAH, 253Q, 44RM, 65RA, 66N, 71QS, 69AT, 73TV, 76VDT, 102DV, 105S, 109F, 156LA, 163TEW, 170RY, 184A, 193av, 207s, 245as
A*36:01,44KM3, 62QE, 76ANT, 79GT, 90D, 138MI, 144KR, 65RA, 66N, 71HS, 69AT, 102DV, 109F, 151HA, 163TEW, 170RY, 182TDP, 193PI, 276L
A*36:02,44KM3, 62QE, 76ANT, 79GT, 90D, 138MI, 144KR, 161D, 65RA, 66N, 71HS, 69AT, 102DV, 109F, 151HA, 156RA, 163TEW, 170RY, 182tdp, 193pi, 276l
A*36:03,44KM3, 62QE, 76ANT, 79GT, 90D, 138MI, 144KR, 65RA, 66N, 71HS, 69AT, 102DV, 109F, 151HA, 163TEW, 170RY, 182TDP, 193PI, 276L
A*43:01,62LQ, 76ANT, 79GT, 90D, 138MI, 149TAH, 163R, 163RW, 253Q, 44RM, 65RA, 66N, 71HS, 69AT, 102DV, 109F, 156WA, 170RY, 184A, 193AV, 207S, 245AS
A*66:01,62RR, 79GT, 90D, 138MI, 149TAH, 163R, 163RW, 253Q, 44RM, 65RA, 66N, 71QS, 69AT, 73TV, 76VDT, 102DV, 109F, 156WA, 170RY, 184A, 193AV, 207S, 245AS
A*66:02,62RR, 79GT, 138MI, 149TAH, 163EW, 253Q, 44RM, 65RA, 66N, 71QS, 69AT, 73TV, 76VDT, 102DV, 109F, 156WA, 170RY, 184A, 193AV, 207S, 245AS
A*66:03,62RR, 79GT, 138MI, 149TAH, 163EW, 253Q, 44RM, 65RA, 66N, 71HS, 69AT, 73TV, 76VDT, 102DV, 109F, 156WA, 170RY, 184A, 193AV, 207S, 245AS
A*68:01,62RR, 79GT, 127K, 144TKH, 150AAH, 253Q, 44RM, 65RA, 66N, 71QS, 69AT, 73TV, 76VDT, 102DV, 105S, 109F, 156WA, 163TEW, 170RY, 184A, 193AV, 207S, 245VA
A*68:02,62RR, 79GT, 127K, 144TKH, 150AAH, 253Q, 44RM, 65RA, 66N, 71QS, 69AT, 73TV, 76VDT, 102DV, 109F, 156WA, 163TEW, 170RY, 184A, 193AV, 207S, 245VA
A*68:03,62RR, 79GT, 127K, 144TKH, 150AAH, 253Q, 44RM, 65RA, 66N, 71HS, 69AT, 73TV, 76VDT, 102DV, 105S, 109F, 156WA, 163TEW, 170RY, 184A, 193AV, 207S, 245VA
A*68:04,62RR, 79GT, 127K, 144TKH, 150AAH, 253Q, 44RM, 65RA, 66N, 71HS, 76VDT, 102DV, 105S, 109F, 156WA, 163TEW, 170RY, 184A, 193av, 207s, 245va
A*68:05,62RR, 79GT, 127K, 144TKH, 150AAH, 253Q, 44RM, 65RA, 66N, 71HS, 69AT, 73TV, 76VDT, 102DV, 105S, 109F, 156WA, 163TEW, 170RY, 184A, 193av, 207s, 245va
A*68:06,62RR, 79GT, 127K, 144TKH, 150AAH, 253Q, 44RM, 65RA, 66N, 71QS, 69AT, 73TV, 76VDT, 102DV, 105S, 109F, 156WA, 163TEW, 170RY, 184A, 193av, 207s, 245va
A*68:07,62RR, 79GT, 127K, 144TKH, 150AAH, 253Q, 44RM, 65RA, 66N, 71QS, 69AT, 73TV, 76VDT, 102DV, 105S, 109F, 156WA, 163TEW, 170RY, 184A, 193av, 207s, 245va
A*68:08,62RR, 79GT, 127K, 144TKH, 150AAH, 253Q, 44RM, 65RA, 66N, 71QS, 69AT, 73TV, 76VDT, 102DV, 105S, 109F, 156LA, 163TEW, 170RY, 184A, 193AV, 207S, 245VA
A*68:10,62EE, 79GT, 127K, 144TKH, 150AAH, 253Q, 44RM, 65RA, 66N, 71QS, 69AT, 73TV, 76VDT, 102DV, 105S, 109F, 156WA, 163TEW, 170RY, 184A, 193av, 207s, 245va
A*68:12,62RR, 79GT, 127K, 138MI, 150AAH, 253Q, 44RM, 65RA, 66N, 71QS, 69AT, 73TV, 76VDT, 102DV, 105S, 109F, 156WA, 163TEW, 170RY, 184A, 193av, 207s, 245va
A*68:15,62RR, 79GT, 127K, 144TKH, 150AAH, 253Q, 44RM, 65RA, 66N, 71HS, 69AT, 73TV, 76VDT, 102DV, 109F, 156WA, 163TEW, 170RY, 184A, 193av, 207s, 245va
A*68:16,62RR, 79GT, 127K, 144TKH, 253Q, 44RM, 65RA, 66N, 71QS, 69AT, 73TV, 76VDT, 102DV, 105S, 109F, 156WA, 163TEW, 170RY, 184A, 193av, 207s, 245va
A*68:17,62RR, 79GT, 127K, 144TKH, 150AAH, 253Q, 44RM, 65RA, 66N, 71QS, 69AT, 73TV, 76VDT, 102DV, 105S, 109F, 156WA, 163TEW, 170RY, 184A, 193AV, 207S, 245VA
A*68:19,62RR, 79GT, 127K, 144TKH, 150AAH, 161D, 253Q, 44RM, 65RA, 66N, 71QS, 69AT, 73TV, 76VDT, 102DV, 105S, 109F, 156WA, 163TEW, 170RY, 184A, 193av, 207s, 245va
A*68:20,62RR, 79GT, 127K, 144TKH, 150AAH, 253Q, 44RM, 65RA, 66N, 71HS, 69AT, 73TV, 76VDT, 102DV, 105S, 109F, 156WA, 163TEW, 170RY, 184A, 193av, 207s, 245va
A*68:23,62RR, 79GT, 127K, 144TKH, 150AAH, 253Q, 44RM, 65RA, 66N, 71QS, 69AT, 73TV, 76VDT, 102DV, 105S, 109F, 156WA, 163TEW, 170RY, 184A, 193av, 207s, 245va
A*68:25,62RR, 79GT, 127K, 144TKH, 150AAH, 253Q, 44RM, 65RA, 66N, 71QS, 69AT, 73TV, 76VDT, 102DV, 156WA, 163TEW, 170RY, 184A, 193av, 207s, 245va
A*68:31,62RR, 79GT, 127K, 144TKH, 150AAH, 253Q, 44RM, 65RA, 66N, 71HS, 69AT, 73TV, 76VDT, 102DV, 109F, 156WA, 163TEW, 170RY, 184A, 193av, 207s, 245va
A*69:01,62RR, 79GT, 107W, 127K, 144TKH, 150AAH, 253Q, 44RM, 65RA, 66N, 71QS, 69AT, 73TV, 76VDT, 102DV, 105S, 109F, 156LA, 163TEW, 170RY, 184A, 193AV, 207S
A*74:01,62QE, 79GT, 138MI, 253Q, 44RM, 65RA, 66N, 71HS, 69AT, 73TV, 76VDT, 102DV, 156LA, 163TEW, 170RY, 184A, 193AV, 207S, 245AS
A*74:02,62QE, 79GT, 138MI, 253Q, 44RM, 65RA, 66N, 71HS, 69AT, 73TV, 76VDT, 102DV, 156LA, 163TEW, 170RY, 184A, 193AV, 207S, 245AS
A*74:03,62QE, 79GT, 138MI, 253Q, 44RM, 65RA, 66N, 71HS, 69AT, 73TV, 76VDT, 102DV, 156LA, 163TEW, 170RY, 184A, 193AV, 207S, 245AS
A*74:06,62QE, 79GT, 138MI, 253Q, 44RM, 65RA, 66N, 71HS, 69AT, 73TV, 76VDT, 102DV, 156LA, 163TEW, 170RY, 184A, 193av, 207s, 245as
A*74:08,62QE, 79GT, 138MI, 253Q, 44RM, 65RA, 66N, 71HS, 69AT, 73TV, 76VDT, 102DV, 156LA, 163TEW, 170RY, 184A, 193av, 207s, 245as
A*80:01,62EE, 76ANT, 79GT, 90D, 138MI, 144KR, 166DG, 56E, 44RM, 65RA, 66N, 71HS, 69AT, 102DV, 105S, 109F, 152RR, 156LA, 170RY, 182TDP, 193PI, 207S, 267PE
B*07:02,65QIA, 69AA, 70IAQ, 76ESN, 163EW, 180E, 66IY, 69AT, 76ES, 102DV, 152RE, 156RA, 170RY, 177DK, 193PI
B*07:03,69TNT, 76ESN, 163EW, 180E, 66IY, 76ES, 102DV, 152RE, 156RA, 170RY, 177DK, 193PI
B*07:04,65QIA, 69AA, 70IAQ, 76ESN, 156DA, 163EW, 180E, 66IY, 69AT, 76ES, 102DV, 152RE, 170RY, 177DK, 193PI
B*07:05,65QIA, 69AA, 70IAQ, 76ESN, 163EW, 180E, 66IY, 69AT, 76ES, 102DV, 152RE, 156RA, 170RY, 177DK, 193PI
B*07:06,65QIA, 69AA, 70IAQ, 76ESN, 163EW, 180E, 66IY, 69AT, 76ES, 102DV, 152RE, 156RA, 170RY, 177DK, 193PI
B*07:07,65QIA, 69AA, 70IAQ, 76ESN, 163EW, 180E, 66IY, 69AT, 76ES, 102DV, 152RE, 156RA, 170RY, 177DK, 193PI
B*07:08,69TNT, 76ESN, 163EW, 180E, 66IF, 76ES, 102DV, 152RE, 156RA, 170RY, 177DK, 193pi
B*07:09,65QIA, 69AA, 70IAQ, 76ESN, 163EW, 180E, 66IY, 69AT, 76ES, 102DV, 152RE, 156RA, 170RY, 177DK, 193pi
B*07:10,65QIA, 69AA, 70IAQ, 76ESN, 163EW, 180E, 66IC, 69AT, 76ES, 102DV, 152RE, 156RA, 170RY, 177DK, 193PI
B*07:12,65QIA, 69AA, 70IAQ, 76ESN, 163EW, 180E, 66IY, 69AT, 76ES, 103L, 152RE, 156RA, 170RY, 177DK, 193pi
B*07:13,76VS, 76VRN, 163EW, 180E, 66K, 69RA, 73A, 102DV, 152RE, 156RA, 170RY, 177DK, 193pi
B*07:14,65QIA, 69AA, 70IAQ, 76ESN, 163EW, 180E, 66IY, 69AT, 76ES, 102DV, 152RE, 156RA, 170RY, 177DK, 193PI
B*07:16,69TNT, 76ESN, 163EW, 180E, 66IY, 76ES, 102DV, 152RE, 156RA, 170RY, 177DK, 193pi
B*07:18,65QIA, 69AA, 70IAQ, 76ESN, 163EW, 180E, 66IY, 69AT, 76ES, 102DV, 152RE, 156RA, 170RY, 177DK, 193PI
B*07:19,65QIA, 69AA, 70IAQ, 76ESN, 156DA, 180E, 66IY, 69AT, 76ES, 102DV, 152RE, 163TEW, 170RY, 177dk, 193pi
B*07:20,65QIA, 69AA, 70IAQ, 76ESN, 166ES, 180E, 66IY, 69AT, 76ES, 102DV, 152RE, 156RA, 163LE, 170RY, 177DK, 193pi
B*07:22,65QIA, 69AA, 70IAQ, 76ESN, 163EW, 180E, 66IY, 69AT, 76ES, 102DV, 152RE, 156RA, 170RY, 177DK, 193pi
B*07:23,65QIA, 69AA, 70IAQ, 76ESN, 163EW, 180E, 66IY, 69AT, 76ES, 102DV, 152RE, 156RA, 170RY, 177DK, 193pi
B*07:24,65QIA, 69AA, 70IAQ, 76ESN, 163LW, 180E, 66IY, 69AT, 76ES, 102DV, 152RE, 156RA, 163LE, 170RY, 177DK, 193pi
B*07:26,65QIA, 69AA, 70IAQ, 76ESN, 163EW, 180E, 66IY, 69AT, 76ES, 102DV, 152RE, 156LA, 170RY, 177DK, 193pi
B*07:33,65QIA, 69AA, 70IAQ, 76ESN, 163EW, 66IY, 69AT, 76ES, 102DV, 152RE, 156RA, 170RY, 177dk, 193PI
B*07:36,65QIA, 69AA, 70IAQ, 80I, 82LR, 163EW, 180E, 66IY, 69AT, 76EN, 102DV, 152RE, 156RA, 170RY, 177DK, 193PI
B*08:01,69TNT, 76ESN, 156DA, 180E, 66IF, 76ES, 102DV, 163TEW, 170RY, 177DT, 193PI
B*08:02,69TNT, 80TLR, 82LR, 156DA, 180E, 66IF, 76EN, 102DV, 163TEW, 170RY, 177DT, 193PI
B*08:03,69TNT, 80I, 82LR, 156DA, 180E, 66IF, 76EN, 102DV, 163TEW, 170RY, 177DT, 193pi
B*08:04,69TNT, 76ESN, 156DA, 180E, 66IS, 76ES, 102DV, 163TEW, 170RY, 177DT, 193pi
B*08:05,69TNT, 76ESN, 156DA, 180E, 76ES, 102DV, 163TEW, 170RY, 177DT, 193pi
B*08:06,69TNT, 180E, 66IF, 76ES, 102DV, 163TEW, 170RY, 177DT, 193pi
B*08:07,69TNT, 76ESN, 156DA, 180E, 66IF, 76ES, 102DV, 163TEW, 170RY, 177DT, 193PI
B*08:09,69TNT, 76ESN, 156DA, 180E, 66IF, 76ES, 102DV, 163TEW, 170RY, 177DT, 193pi
B*08:12,69TNT, 76ESN, 156DA, 180E, 66IF, 76ES, 102DV, 163TEW, 170RY, 177DT, 193pi
B*08:13,69TNT, 76ESN, 180E, 66IF, 76ES, 102DV, 156LA, 163TEW, 170RY, 177DT, 193pi
B*08:20,69TNT, 76ESN, 180E, 66IF, 76ES, 102DV, 152RE, 156RA, 163TEW, 170RY, 177DT, 193PI
B*13:01,41T, 44RMA, 69TNT, 80TLR, 82LR, 131S, 144QL, 163EW, 44RM, 66IS, 76EN, 103L, 156LA, 170RY, 193PI
B*13:02,41T, 44RMA, 69TNT, 80TLR, 82LR, 131S, 144QL, 163EW, 44RM, 66IS, 76EN, 103L, 156LA, 170RY, 193PI
B*13:03,41T, 44RMA, 69TNT, 80TLR, 82LR, 131S, 163LW, 44RM, 66IS, 76EN, 103L, 156LA, 163LE, 170RY, 193PI
B*13:04,41T, 44RMA, 69TNT, 80TLR, 82LR, 131S, 163LW, 44RM, 66IS, 76EN, 103L, 156LA, 163LE, 170RY, 193PI
B*13:06,41T, 44RMA, 69TNT, 80TLR, 82LR, 131S, 144QL, 44RM, 66IS, 76EN, 103L, 156LA, 163TEW, 170RY, 193pi
B*13:10,41T, 44RMA, 69TNT, 80TLR, 82LR, 131S, 144QL, 163EW, 44RM, 66IS, 76EN, 102DV, 156LA, 170RY, 193pi
B*13:12,41T, 44RMA, 69TNT, 80TLR, 82LR, 131S, 144QL, 44RM, 66IS, 76EN, 103L, 156LA, 170RY, 193PI
B*14:01,69TNT, 76ESN, 131S, 66IC, 76ES, 102DV, 152RE, 156LA, 163TEW, 170RH, 193PI
B*14:02,69TNT, 76ESN, 131S, 66IC, 76ES, 102DV, 152RE, 156LA, 163TEW, 170RH, 193PI
B*14:03,69TNT, 76ESN, 131S, 66IC, 76ES, 102DV, 152RE, 156RA, 163TEW, 170RH, 193PI
B*14:04,69TNT, 76ESN, 131S, 66N, 76ES, 102DV, 152RE, 156LA, 163TEW, 170RH, 193pi
B*14:05,69TNT, 76ESN, 131S, 66IC, 76ES, 102DV, 152RE, 156LA, 163TEW, 170RH, 193PI
B*14:06,69TNT, 76ESN, 131S, 66IC, 76ES, 102DV, 152RE, 156LA, 163TEW, 170RH, 193PI
B*15:01,44RMA, 69TNT, 76ESN, 131S, 163LW, 44RM, 66IS, 76ES, 102DV, 152RE, 156WA, 163LE, 170RY, 193PI
B*15:02,44RMA, 69TNT, 76ESN, 131S, 163LW, 44RM, 66IS, 76ES, 102DV, 152RE, 156LA, 163LE, 170RY, 193PI
B*15:03,69TNT, 76ESN, 131S, 163LW, 66IS, 76ES, 102DV, 152RE, 156LA, 163LE, 170RY, 193PI
B*15:04,44RMA, 69TNT, 76ESN, 131S, 163LW, 44RM, 66IS, 76ES, 102DV, 152RE, 156WA, 163LE, 170RY, 193PI
B*15:05,44RMA, 69TNT, 76ESN, 131S, 163LW, 44RM, 66IS, 76ES, 102DV, 152RV, 156LA, 163LE, 170RY, 193PI
B*15:06,44RMA, 69TNT, 76ESN, 131S, 163LW, 44RM, 66IS, 76ES, 102DV, 152RE, 156LA, 163LE, 170RY, 193PI
B*15:07,44RMA, 69TNT, 76ESN, 131S, 163LW, 44RM, 66IS, 76ES, 102DV, 152RE, 156WA, 163LE, 170RY, 193PI
B*15:08,44RMA, 69TNT, 76ESN, 131S, 163LW, 44RM, 66IF, 76ES, 102DV, 152RE, 156WA, 163LE, 170RY, 193PI
B*15:09,69TNT, 76ESN, 131S, 163LW, 66IC, 76ES, 102DV, 152RE, 156LA, 163LE, 170RY, 193PI
B*15:10,69TNT, 76ESN, 131S, 163LW, 66IC, 76ES, 102DV, 152RE, 156LA, 163LE, 170RY, 193PI
B*15:11,44RMA, 69TNT, 76ESN, 131S, 163LW, 44RM, 66IY, 76ES, 102DV, 152RE, 156WA, 163LE, 170RY, 193PI
B*15:12,44RMA, 69TNT, 76ESN, 131S, 166DG, 44RM, 66IS, 76ES, 102DV, 152RE, 156WA, 163LG, 170RY, 193PI
B*15:13,44RMA, 69TNT, 80I, 82LR, 131S, 163LW, 44RM, 66IS, 76EN, 102DV, 152RE, 156LA, 163LE, 170RY, 193PI
B*15:14,44RMA, 69TNT, 76ESN, 131S, 166ES, 44RM, 66IS, 76ES, 102DV, 152RE, 156WA, 163LE, 170RY, 193PI
B*15:15,44RMA, 69TNT, 76ESN, 131S, 163LW, 44RM, 66IS, 76ES, 102DV, 152RE, 156WA, 163LE, 170RY, 193PI
B*15:16,44RMA, 62RR, 69AA, 71SA, 80I, 82LR, 131S, 163LW, 44RM, 65RA, 66N, 69AT, 76EN, 103L, 152RE, 156LA, 163LE, 170RY, 193PI
B*15:17,44RMA, 62RR, 69AA, 71SA, 80I, 82LR, 131S, 163LW, 44RM, 65RA, 66N, 69AT, 76EN, 102DV, 152RE, 156LA, 163LE, 170RY, 193PI
B*15:18,69TNT, 76ESN, 131S, 163LW, 66IC, 76ES, 102DV, 152RE, 156LA, 163LE, 170RY, 193PI
B*15:20,44RMA, 69TNT, 76ESN, 131S, 163LW, 193PV, 44RM, 66IS, 76ES, 103L, 152RV, 156LA, 163LE, 170RY
B*15:21,44RMA, 69TNT, 76ESN, 131S, 163LW, 44RM, 66IC, 76ES, 102DV, 152RE, 156LA, 163LE, 170RY, 193PI
B*15:23,69TNT, 80I, 82LR, 131S, 163LW, 66IC, 76EN, 102DV, 152RE, 156LA, 163LE, 170RY, 193PI
B*15:24,44RMA, 69TNT, 80I, 82LR, 131S, 163LW, 44RM, 66IS, 76EN, 102DV, 152RE, 156WA, 163LE, 170RY, 193PI
B*15:25,44RMA, 69TNT, 76ESN, 131S, 163LW, 44RM, 66IS, 76ES, 102DV, 152RE, 156LA, 163LE, 170RY, 193PI
B*15:27,44RMA, 69TNT, 76ESN, 131S, 163LW, 44RM, 66IS, 76ES, 102DV, 152RE, 156WA, 163LE, 170RY, 193PI
B*15:28,44RMA, 69TNT, 76ESN, 131S, 163LW, 44RM, 66IS, 76ES, 102DV, 152RE, 156WA, 163LE, 170RY, 193PI
B*15:29,69TNT, 76ESN, 131S, 163LW, 66IF, 76ES, 102DV, 152RE, 156LA, 163LE, 170RY, 193PI
B*15:30,44RMA, 69TNT, 76ESN, 131S, 163LW, 44RM, 66IS, 76ES, 102DV, 152RE, 156WA, 163LE, 170RY, 193PI
B*15:31,44RMA, 69TNT, 76ESN, 131S, 163LW, 44RM, 66IS, 76ES, 102DV, 152RV, 156LA, 163LE, 170RY, 193PI
B*15:32,44RMA, 69TNT, 76ESN, 131S, 163LW, 44RM, 66IS, 76ES, 102DV, 152RE, 156WA, 163LE, 170RY, 193PI
B*15:34,44RMA, 69TNT, 76ESN, 131S, 163LW, 44RM, 66IS, 76ES, 103L, 152RE, 156WA, 163LE, 170RY, 193PI
B*15:35,44RMA, 69TNT, 76ESN, 131S, 163LW, 44RM, 66IS, 76ES, 102DV, 152RE, 156WA, 163LE, 170RY, 193PI
B*15:36,44RMA, 69TNT, 80TLR, 82LR, 131S, 163LW, 44RM, 66IS, 76EN, 102DV, 152RE, 156LA, 163LE, 170RY, 193pi
B*15:37,69TNT, 76ESN, 131S, 163LW, 66IC, 76ES, 102DV, 152RE, 156LA, 163LE, 170RH, 193pi
B*15:38,44RMA, 69TNT, 76ESN, 131S, 163LW, 44RM, 66IS, 76ES, 102DV, 152RE, 156WA, 163LE, 170RH, 193PI
B*15:39,44RMA, 69TNT, 76ESN, 131S, 163LW, 44RM, 66IS, 76ES, 102DV, 152RE, 156LA, 163LE, 170RY, 193PI
B*15:40,44RMA, 69TNT, 76ESN, 131S, 163EW, 44RM, 66IS, 76ES, 102DV, 152RE, 156LA, 170RY, 193pi
B*15:42,44RMA, 69TNT, 76ESN, 131S, 44RM, 66IS, 76ES, 103L, 152RE, 156LA, 170RY, 193PI
B*15:44,44RMA, 69TNT, 76ESN, 131S, 44RM, 66IC, 76ES, 102DV, 152RE, 156LA, 170RY, 193pi
B*15:45,44RMA, 69TNT, 76ESN, 131S, 163LW, 44RM, 66IS, 76ES, 102DV, 152RE, 156WA, 163LE, 170RY, 193pi
B*15:46,41T, 69TNT, 76ESN, 131S, 163LW, 66IS, 76ES, 102DV, 152RE, 156WA, 163LE, 170RY, 193PI
B*15:47,69TNT, 76ESN, 131S, 163EW, 66IS, 76ES, 102DV, 152RE, 156RA, 170RY, 193PI
B*15:48,44RMA, 69TNT, 76ESN, 131S, 158T, 163LW, 44RM, 66IS, 76ES, 102DV, 152RV, 163LE, 170RY, 193pi
B*15:50,44RMA, 69TNT, 76ESN, 131S, 44RM, 66IS, 76ES, 102DV, 152RE, 156WA, 170RY, 193PI
B*15:52,69TNT, 76ESN, 131S, 163EW, 66IC, 76ES, 102DV, 152RV, 156LA, 170RY, 193PI
B*15:53,41T, 69TNT, 76ESN, 131S, 163LW, 66IS, 76ES, 102DV, 152RE, 156WA, 163LE, 170RY, 193pi
B*15:55,44RMA, 69TNT, 76ESN, 131S, 163LW, 44RM, 66IS, 76ES, 102DV, 152RV, 156LA, 163LE, 170RY, 193PI
B*15:56,44RMA, 69TNT, 76ESN, 131S, 163LW, 44RM, 66IF, 76ES, 102DV, 152RE, 156WA, 163LE, 170RY, 193pi
B*15:57,44RMA, 69TNT, 76VRN, 131S, 163LW, 44RM, 66IS, 73TV, 102DV, 152RE, 156WA, 163LE, 170RY, 193pi
B*15:58,44RMA, 69TNT, 76ESN, 131S, 163LW, 44RM, 66IS, 76ES, 102DV, 152RE, 156WA, 163LE, 170RY, 193PI
B*15:62,69TNT, 76ESN, 131S, 163LW, 66IS, 76ES, 103L, 152RE, 156LA, 163LE, 170RY, 193pi
B*15:63,44RMA, 69TNT, 76ESN, 131S, 163LW, 44RM, 66IS, 76ES, 102DV, 152RE, 156WA, 163LE, 170RY, 193PI
B*15:64,69TNT, 76ESN, 131S, 163LW, 66IS, 76ES, 102DV, 152RE, 156LA, 163LE, 170RY, 193pi
B*15:65,44RMA, 69TNT, 76ESN, 131S, 163LW, 44RM, 66IS, 76ES, 102DV, 152RE, 156RA, 163LE, 170RY, 193pi
B*15:71,44RMA, 69TNT, 76ESN, 131S, 163LW, 44RM, 66IS, 76ES, 102DV, 152RE, 156WA, 163LE, 170RY, 193PI
B*15:73,44RMA, 69TNT, 76ESN, 131S, 163LW, 44RM, 66IS, 76ES, 102DV, 152RE, 156WA, 163LE, 170RY, 193PI
B*15:75,44RMA, 69TNT, 76ESN, 131S, 163LW, 44RM, 66IS, 76ES, 102DV, 156WA, 163LE, 170RY, 193pi
B*15:76,44RMA, 65QIA, 69AA, 70IAQ, 76ESN, 131S, 163LW, 44RM, 66IY, 69AT, 76ES, 102DV, 152RE, 156WA, 163LE, 170RY, 193pi
B*18:01,44RT, 69TNT, 76ESN, 131S, 66IS, 76ES, 102DV, 156LA, 163TEW, 170RH, 193PI
B*18:02,44RT, 69TNT, 76ESN, 131S, 66IS, 76ES, 102DV, 156LA, 163TEW, 170RH, 193PI
B*18:03,44RT, 69TNT, 76ESN, 131S, 66IS, 76ES, 102DV, 156LA, 163TEW, 170RH, 193PI
B*18:04,44RT, 69TNT, 76ESN, 131S, 66IS, 76ES, 102DV, 156LA, 163TEW, 170RH, 193pi
B*18:07,44RT, 69TNT, 76ESN, 131S, 66IF, 76ES, 102DV, 156LA, 163TEW, 170RH, 193pi
B*18:08,44RT, 69TNT, 76ESN, 131S, 66IS, 76ES, 102DV, 156LA, 163TEW, 170RH, 193pi
B*18:11,44RT, 69TNT, 76ESN, 131S, 66IS, 76ES, 102DV, 156LA, 163TEW, 170RY, 193pi
B*18:13,44RT, 69TNT, 76ESN, 131S, 66IS, 76ES, 102DV, 156RA, 163TEW, 170RH, 193pi
B*18:18,44RT, 69TNT, 76ESN, 131S, 66IS, 76ES, 102DV, 156LA, 163TEW, 170RH, 193pi
B*18:20,44RT, 69TNT, 76ESN, 131S, 66IS, 76ES, 102DV, 156LA, 163TEW, 170RH, 193pi
B*27:01,65QIA, 69AA, 80TLR, 82LR, 131S, 163EW, 66IC, 71KA, 69AT, 76EN, 102DV, 156LA, 170RY, 193pi
B*27:02,65QIA, 69AA, 80I, 82LR, 131S, 163EW, 66IC, 71KA, 69AT, 76EN, 102DV, 156LA, 170RY, 193PI
B*27:03,65QIA, 69AA, 80TLR, 82LR, 131S, 163EW, 66IC, 71KA, 69AT, 76ED, 102DV, 156LA, 170RY, 193PI
B*27:04,65QIA, 69AA, 80TLR, 82LR, 131S, 163EW, 66IC, 71KA, 69AT, 76ES, 102DV, 152RE, 156LA, 170RY, 193PI, 211G
B*27:05,65QIA, 69AA, 80TLR, 82LR, 131S, 163EW, 66IC, 71KA, 69AT, 76ED, 102DV, 156LA, 170RY, 193PI
B*27:06,65QIA, 69AA, 80TLR, 82LR, 131S, 163EW, 66IC, 71KA, 69AT, 76ES, 102DV, 152RE, 156LA, 170RY, 193PI, 211G
B*27:07,65QIA, 69AA, 80TLR, 82LR, 163EW, 66IC, 71KA, 69AT, 76ED, 102DV, 156LA, 170RY, 193PI
B*27:08,65QIA, 69AA, 76ESN, 131S, 163EW, 66IC, 71KA, 69AT, 76ES, 102DV, 156LA, 170RY, 193PI
B*27:09,65QIA, 69AA, 80TLR, 82LR, 131S, 163EW, 66IC, 71KA, 69AT, 76ED, 102DV, 156LA, 170RY, 193PI
B*27:10,65QIA, 69AA, 80TLR, 82LR, 131S, 163EW, 66IC, 71KA, 69AT, 76ED, 102DV, 152RE, 156LA, 170RY, 193pi
B*27:12,69TNT, 76ESN, 131S, 163EW, 66IC, 76ES, 102DV, 156LA, 170RY, 193PI
B*27:14,65QIA, 69AA, 80TLR, 82LR, 131S, 163EW, 66IC, 71KA, 69AT, 76ED, 103L, 156LA, 170RY, 193pi
B*27:15,65QIA, 69AA, 80TLR, 82LR, 131S, 66IC, 71KA, 69AT, 76ES, 102DV, 152RE, 156LA, 163TEW, 170RY, 193pi
B*27:18,69TNT, 76ESN, 131S, 163EW, 66IS, 76ES, 102DV, 152RE, 156LA, 170RY, 193pi
B*27:20,65QIA, 69AA, 80TLR, 82LR, 163EW, 66IC, 71KA, 69AT, 76ES, 102DV, 152RE, 156LA, 170RY, 193PI, 211G
B*35:01,44RT, 69TNT, 76ESN, 131S, 163LW, 193PV, 66IF, 76ES, 103L, 156LA, 163LE, 170RY
B*35:02,44RT, 69TNT, 76ESN, 131S, 163LW, 193PV, 66IF, 76ES, 103L, 109F, 156LA, 163LE, 170RY
B*35:03,44RT, 69TNT, 76ESN, 131S, 163LW, 193PV, 66IF, 76ES, 103L, 156LA, 163LE, 170RY
B*35:04,44RT, 69TNT, 76ESN, 131S, 163LW, 193PV, 66IF, 76ES, 103L, 156LA, 163LE, 170RY
B*35:05,44RT, 69TNT, 76ESN, 131S, 163LW, 193PV, 66IF, 76ES, 103L, 156LA, 163LE, 170RY
B*35:06,44RT, 69TNT, 76ESN, 131S, 163LW, 193PV, 66IF, 76ES, 103L, 156LA, 163LE, 170RY
B*35:07,44RT, 69TNT, 76ESN, 131S, 163LW, 193PV, 66IF, 76ES, 103L, 156LA, 163LE, 170RY
B*35:08,44RT, 69TNT, 76ESN, 131S, 163LW, 193PV, 66IF, 76ES, 103L, 156RA, 163LE, 170RY
B*35:09,44RT, 69TNT, 76ESN, 163LW, 193PV, 66IF, 76ES, 103L, 156LA, 163LE, 170RY
B*35:10,44RT, 69TNT, 76ESN, 131S, 163LW, 193PV, 66IF, 76ES, 103L, 156LA, 163LE, 170RY
B*35:11,44RT, 69TNT, 76ESN, 131S, 163LW, 193PV, 66IF, 76ES, 103L, 152RE, 156LA, 163LE, 170RY
B*35:12,44RT, 69TNT, 76ESN, 131S, 163LW, 193PV, 66IF, 76ES, 102DV, 156LA, 163LE, 170RY
B*35:13,44RT, 69TNT, 76ESN, 131S, 163LW, 193PV, 66IF, 76ES, 103L, 156LA, 163LE, 170RY, 193av
B*35:14,44RT, 69TNT, 76ESN, 131S, 163LW, 193PV, 66IF, 76ES, 103L, 152RE, 156WA, 163LE, 170RY
B*35:15,44RT, 69TNT, 76ESN, 131S, 163EW, 193PV, 66IF, 76ES, 103L, 156LA, 170RY
B*35:16,44RT, 69TNT, 76ESN, 131S, 163LW, 193PV, 66IF, 76ES, 102DV, 156LA, 163LE, 170RY, 193av
B*35:17,44RT, 69TNT, 76ESN, 131S, 163LW, 193PV, 66IF, 76ES, 102DV, 156LA, 163LE, 170RY
B*35:18,44RT, 69TNT, 76ESN, 163LW, 193PV, 66IF, 76ES, 103L, 156RA, 163LE, 170RY, 193av
B*35:19,69TNT, 76ESN, 131S, 163LW, 193PV, 66IF, 76ES, 103L, 156LA, 163LE, 170RY, 193av
B*35:20,44RT, 69TNT, 76ESN, 131S, 163LW, 193PV, 66IS, 76ES, 103L, 156LA, 163LE, 170RY
B*35:21,44RT, 69TNT, 76ESN, 131S, 163LW, 193PV, 66IF, 76ES, 103L, 152RE, 156LA, 163LE, 170RH
B*35:22,44RT, 69TNT, 76ESN, 131S, 163LW, 193PV, 66IF, 76ES, 102DV, 156LA, 163LE, 170RY
B*35:23,44RT, 69TNT, 76ESN, 131S, 163LW, 193PV, 66IF, 76ES, 103L, 156LA, 163LE, 170RY
B*35:24,44RT, 69TNT, 76ESN, 131S, 163LW, 193PV, 66IF, 76ES, 103L, 156LA, 163LE, 170RH
B*35:25,69TNT, 76ESN, 131S, 163LW, 193PV, 66IF, 76ES, 103L, 156LA, 163LE, 170RY
B*35:26,69TNT, 76ESN, 131S, 163LW, 193PV, 66IC, 76ES, 103L, 156LA, 163LE, 170RY
B*35:27,44RT, 69TNT, 131S, 163LW, 193PV, 66IF, 76EN, 103L, 156LA, 163LE, 170RY
B*35:28,44RT, 69TNT, 76ESN, 131S, 163LW, 193PV, 66IS, 76ES, 103L, 156LA, 163LE, 170RY
B*35:29,44RT, 69TNT, 76ESN, 131S, 163LW, 193PV, 66IF, 76ES, 103L, 156LA, 163LE, 170RY
B*35:31,44RT, 69TNT, 76ESN, 163EW, 193PV, 66IF, 76ES, 102DV, 156LA, 170RY, 193PI
B*35:32,44RT, 69TNT, 76ESN, 131S, 163LW, 193PV, 66IF, 76ES, 102DV, 156LA, 163LE, 170RY, 193av
B*35:37,44RT, 69TNT, 76ESN, 131S, 163LW, 193PV, 66IF, 76ES, 103L, 156LA, 163LE, 170RY
B*35:43,44RT, 69TNT, 76ESN, 131S, 163LW, 193PV, 66IF, 76ES, 102DV, 152RE, 156WA, 163LE, 170RY, 193PI
B*35:44,44RT, 69TNT, 76ESN, 131S, 163LW, 193PV, 66IF, 76ES, 102DV, 152RE, 156WA, 163LE, 170RY
B*35:47,41T, 69TNT, 76ESN, 131S, 163LW, 193PV, 66IF, 76ES, 103L, 156LA, 163LE, 170RY
B*35:48,44RT, 69TNT, 76ESN, 131S, 163LW, 193PV, 66IF, 76ES, 103L, 156LA, 163LE, 170RY
B*35:49,69TNT, 76ESN, 131S, 163LW, 193PV, 66IF, 76ES, 103L, 156LA, 163LE, 170RY
B*37:01,44RT, 69TNT, 80TLR, 82LR, 131S, 156DA, 66IS, 76ED, 102DV, 163TEW, 170RY, 193PI
B*37:02,44RT, 69TNT, 80TLR, 82LR, 131S, 163EW, 66IS, 76ED, 102DV, 156LA, 170RY, 193PI
B*37:04,44RT, 69TNT, 80TLR, 82LR, 131S, 156DA, 66IS, 76ED, 102DV, 163TEW, 170RH, 193PI
B*37:05,44RT, 69TNT, 131S, 156DA, 66IS, 76ED, 102DV, 163TEW, 170RY, 193pi
B*38:01,69TNT, 80I, 82LR, 131S, 158T, 66IC, 76EN, 102DV, 163TEW, 170RY, 193PI
B*38:02,69TNT, 80TLR, 82LR, 131S, 158T, 66IC, 76EN, 102DV, 163TEW, 170RY, 193PI
B*38:03,69TNT, 80TLR, 82LR, 131S, 158T, 66IS, 76ES, 102DV, 163TEW, 170RY, 193pi
B*38:09,69TNT, 80I, 82LR, 131S, 158T, 66IC, 76EN, 102DV, 163TEW, 170RY, 193PI
B*39:01,69TNT, 76ESN, 131S, 158T, 66IC, 76ES, 102DV, 163TEW, 170RY, 193PI
B*39:02,69TNT, 76ESN, 131S, 158T, 66IS, 76ES, 102DV, 163TEW, 170RY, 193PI
B*39:03,69TNT, 76ESN, 131S, 158T, 66IC, 76ES, 102DV, 163TEW, 170RY, 193PI
B*39:04,69TNT, 76ESN, 131S, 158T, 66IC, 76ES, 102DV, 163TEW, 170RY, 193PI
B*39:05,69TNT, 76ESN, 131S, 158T, 66IC, 76ES, 102DV, 163TEW, 170RY, 193PI
B*39:06,69TNT, 76ESN, 131S, 158T, 66IC, 76ES, 102DV, 163TEW, 170RY, 193PI
B*39:07,69TNT, 76ESN, 131S, 158T, 66IC, 76ES, 102DV, 163TEW, 170RY, 193PI
B*39:08,69TNT, 76ESN, 131S, 158T, 66IS, 76ES, 102DV, 163TEW, 170RY, 193PI
B*39:09,69TNT, 76ESN, 131S, 158T, 66IC, 76ES, 102DV, 163TEW, 170RY, 193PI
B*39:10,69TNT, 76ESN, 131S, 158T, 66IY, 76ES, 102DV, 163TEW, 170RY, 193PI
B*39:11,69TNT, 76ESN, 131S, 158T, 66IC, 76ES, 102DV, 163TEW, 170RY, 193PI
B*39:12,69TNT, 76ESN, 131S, 158T, 66IC, 76ES, 102DV, 163TEW, 170RY, 193PI
B*39:13,69TNT, 76ESN, 131S, 158T, 66IS, 76ES, 102DV, 163TEW, 170RY, 193PI
B*39:14,69TNT, 76ESN, 131S, 158T, 66IC, 76ES, 102DV, 163TEW, 170RY, 193PI
B*39:15,69TNT, 76ESN, 131S, 158T, 66IC, 76ES, 102DV, 163TEW, 170RY, 193pi
B*39:20,69TNT, 131S, 158T, 66IY, 76EN, 102DV, 163TEW, 170RY, 193pi
B*39:22,69TNT, 76ESN, 131S, 158T, 76ES, 102DV, 163TEW, 170RY, 193PI
B*39:24,69TNT, 76ESN, 131S, 158T, 66IC, 76ES, 102DV, 163TEW, 170RY, 193PI
B*39:31,69TNT, 76ESN, 131S, 158T, 66IC, 76ES, 102DV, 163TEW, 170RY, 193PI
B*39:37,69TNT, 76ESN, 131S, 158T, 66IC, 76ES, 102DV, 163TEW, 170RY, 193pi
B*40:01,41T, 69TNT, 76ESN, 163EW, 180E, 66IS, 76ES, 102DV, 143S, 147L, 156LA, 170RY, 177DK, 193PI
B*40:02,41T, 69TNT, 76ESN, 163EW, 66IS, 76ES, 102DV, 156LA, 170RY, 177dk, 193PI
B*40:03,41T, 69TNT, 76ESN, 163EW, 66IS, 76ES, 102DV, 156LA, 170RY, 177dk, 193PI
B*40:04,41T, 69TNT, 76ESN, 163EW, 66IS, 76ES, 103L, 156LA, 170RY, 177dk, 193PI
B*40:05,41T, 69TNT, 76ESN, 163LW, 66IS, 76ES, 102DV, 152RE, 156LA, 163LE, 170RY, 177dk, 193PI
B*40:06,41T, 69TNT, 76ESN, 163EW, 66IS, 76ES, 102DV, 156LA, 170RY, 177dk, 193PI
B*40:07,41T, 69TNT, 76ESN, 163EW, 180E, 66IF, 76ES, 102DV, 143S, 147L, 156LA, 170RY, 177DK, 193PI
B*40:08,41T, 69TNT, 76ESN, 163EW, 66IF, 76ES, 102DV, 156LA, 170RY, 177dk, 193PI
B*40:09,41T, 69TNT, 76ESN, 163EW, 66IS, 76ES, 102DV, 156LA, 170RY, 177dk, 193pi
B*40:10,41T, 69TNT, 76ESN, 163EW, 180E, 66IS, 76ES, 102DV, 143S, 147L, 156LA, 170RY, 177DK, 193PI
B*40:11,41T, 69TNT, 76ESN, 163EW, 66IS, 76ES, 102DV, 156LA, 170RY, 177dk, 193PI
B*40:12,69TNT, 76ESN, 163EW, 180E, 66IS, 76ES, 102DV, 143S, 147L, 156LA, 170RY, 177DK, 193pi
B*40:13,41T, 69TNT, 80I, 82LR, 163EW, 66IF, 76EN, 102DV, 156LA, 170RY, 177dk, 193pi
B*40:14,41T, 69TNT, 76ESN, 163EW, 180E, 66IS, 76ES, 102DV, 156LA, 170RY, 177DK, 193pi
B*40:16,41T, 69TNT, 76ESN, 163EW, 180E, 66IS, 76ES, 102DV, 152RE, 156RA, 170RY, 177DK, 193pi
B*40:18,41T, 69TNT, 76ESN, 163EW, 66IS, 76ES, 102DV, 156LA, 170RY, 177dk, 193pi
B*40:19,41T, 69TNT, 80I, 82LR, 163EW, 66IS, 76EN, 102DV, 156LA, 170RY, 177dk, 193PI
B*40:20,41T, 69TNT, 76ESN, 163EW, 66IS, 76ES, 102DV, 156LA, 170RY, 177dk, 193pi
B*40:23,41T, 69TNT, 76ESN, 163EW, 180E, 66IS, 76ES, 102DV, 143S, 152RE, 156RA, 170RY, 177DK, 193pi
B*40:25,41T, 69TNT, 76ESN, 163EW, 180E, 66IS, 76ES, 102DV, 143S, 147L, 156LA, 170RY, 177DK, 193pi
B*40:26,41T, 69TNT, 76ESN, 131S, 163LW, 66IS, 76ES, 102DV, 152RE, 156LA, 163LE, 170RY, 177dk, 193pi
B*40:32,41T, 69TNT, 76ESN, 163EW, 180E, 66IS, 76ES, 102DV, 152RE, 156RA, 170RY, 177DK, 193pi
B*40:33,41T, 69TNT, 76ESN, 163EW, 180E, 66IS, 76ES, 102DV, 143S, 147L, 156LA, 170RY, 177DK, 193pi
B*40:40,41T, 69TNT, 76ESN, 163EW, 66IS, 76ES, 102DV, 156LA, 170RY, 177dk, 193PI
B*40:42,41T, 69TNT, 76ESN, 163EW, 180E, 66IS, 76ES, 102DV, 143S, 147L, 156LA, 170RY, 177DK, 193pi
B*40:50,41T, 69TNT, 76ESN, 163EW, 66IS, 76ES, 102DV, 156LA, 170RY, 177dk, 193PI
B*41:01,41T, 69TNT, 76ESN, 156DA, 180E, 66IS, 76ES, 102DV, 163TEW, 170RY, 177DT, 193PI
B*41:02,41T, 69TNT, 76ESN, 156DA, 180E, 66IS, 76ES, 102DV, 163TEW, 170RY, 177DT, 193PI
B*41:03,41T, 69TNT, 76ESN, 156DA, 180E, 66IS, 76ES, 102DV, 163TEW, 170RY, 177DT, 193pi
B*41:05,41T, 69TNT, 80K, 156DA, 180E, 66IS, 76ES, 102DV, 163TEW, 170RY, 177DT, 193pi
B*42:01,65QIA, 69AA, 70IAQ, 76ESN, 156DA, 180E, 66IY, 69AT, 76ES, 102DV, 163TEW, 170RY, 177DT, 193PI
B*42:02,65QIA, 69AA, 70IAQ, 76ESN, 156DA, 180E, 66IY, 69AT, 76ES, 102DV, 163TEW, 170RY, 177DT, 193PI
B*42:05,65QIA, 69AA, 70IAQ, 76ESN, 156DA, 180E, 66IY, 69AT, 76ES, 102DV, 163TEW, 170RY, 177DK, 193pi
B*44:02,41T, 69TNT, 80TLR, 82LR, 131S, 156DA, 166ES, 66IS, 76EN, 102DV, 163LE, 170RY, 193PI
B*44:03,41T, 69TNT, 80TLR, 82LR, 131S, 166ES, 66IS, 76EN, 102DV, 156LA, 163LE, 170RY, 193PI
B*44:04,41T, 69TNT, 80TLR, 82LR, 131S, 166ES, 66IS, 76EN, 102DV, 156RA, 163TEW, 170RY, 193PI
B*44:05,41T, 69TNT, 80TLR, 82LR, 131S, 156DA, 166ES, 66IS, 76EN, 102DV, 163LE, 170RY, 193PI
B*44:06,44RT, 69TNT, 80I, 82LR, 131S, 156DA, 166ES, 66IF, 76EN, 102DV, 163LE, 170RY, 193pi
B*44:08,44RMA, 69TNT, 80TLR, 82LR, 131S, 156DA, 166ES, 44RM, 66IS, 76EN, 102DV, 163LE, 170RY, 193PI
B*44:09,41T, 69TNT, 76ESN, 131S, 156DA, 166ES, 66IS, 76ES, 102DV, 163LE, 170RY, 193PI
B*44:10,41T, 69TNT, 80TLR, 82LR, 131S, 166ES, 66IS, 76EN, 103L, 156LA, 163LE, 170RY, 193pi
B*44:11,41T, 69TNT, 80TLR, 82LR, 131S, 156DA, 166ES, 66IS, 76EN, 102DV, 163LE, 170RY, 193pi
B*44:12,41T, 69TNT, 80TLR, 82LR, 131S, 156DA, 166ES, 66IS, 76EN, 102DV, 163LE, 170RY, 193pi
B*44:14,41T, 69TNT, 80TLR, 82LR, 131S, 156DA, 166ES, 66IS, 76EN, 102DV, 163LE, 170RY, 193pi
B*44:15,41T, 69TNT, 80TLR, 82LR, 131S, 156DA, 166ES, 66IS, 76ES, 103L, 163LE, 170RY, 193PI
B*44:17,41T, 69TNT, 80TLR, 82LR, 131S, 156DA, 166ES, 66IS, 76EN, 102DV, 163LE, 170RY, 193pi
B*44:20,41T, 69TNT, 80TLR, 82LR, 131S, 156DA, 166ES, 66IS, 76EN, 102DV, 163LE, 170RY, 193pi
B*44:21,41T, 69TNT, 80TLR, 82LR, 131S, 156DA, 166ES, 66IS, 76EN, 102DV, 170RY, 193PI
B*44:22,41T, 69TNT, 80TLR, 82LR, 131S, 156DA, 166ES, 66IS, 76EN, 102DV, 163LE, 170RY, 193pi
B*44:24,41T, 69TNT, 80TLR, 82LR, 131S, 156DA, 166ES, 66IS, 76EN, 102DV, 163LE, 170RY, 193pi
B*44:27,41T, 69TNT, 80TLR, 82LR, 131S, 156DA, 166ES, 66IS, 76EN, 102DV, 163LE, 170RY, 193PI
B*44:29,41T, 69TNT, 80TLR, 82LR, 131S, 158T, 166ES, 66IS, 76EN, 102DV, 163LE, 170RY, 193pi
B*45:01,41T, 69TNT, 76ESN, 131S, 156DA, 166ES, 66IS, 76ES, 103L, 163LE, 170RY, 193PI
B*45:02,41T, 69TNT, 76ESN, 131S, 156DA, 166ES, 66IS, 76ES, 103L, 163LE, 170RY, 193pi
B*45:04,41T, 69TNT, 76ESN, 131S, 156DA, 163LW, 66IS, 76ES, 103L, 163LE, 170RY, 193PI
B*46:01,44RMA, 76VS, 76VRN, 131S, 163LW, 44RM, 66K, 69RT, 73TV, 102DV, 152RE, 156WA, 163LE, 170RY, 193PI
B*47:01,41T, 69TNT, 80TLR, 82LR, 131S, 163EW, 66IS, 76ED, 102DV, 156LA, 170RY, 193PI
B*47:02,41T, 69TNT, 76ESN, 131S, 163EW, 66IS, 76ES, 102DV, 156LA, 170RY, 193PI
B*47:03,41T, 69TNT, 76ESN, 82LR, 131S, 163EW, 66IS, 76ES, 102DV, 156LA, 170RY, 193pi
B*48:01,69TNT, 76ESN, 163EW, 180E, 66IS, 76ES, 102DV, 143S, 147L, 156LA, 170RY, 177DK, 193PI, 245TA
B*48:02,69TNT, 76ESN, 131S, 163LW, 193PV, 66IS, 76ES, 103L, 156LA, 163LE, 170RY, 177dk, 245ta
B*48:03,69TNT, 76ESN, 163EW, 180E, 193PV, 66IS, 76ES, 102DV, 143S, 147L, 156LA, 170RY, 177DK, 193PI, 245TA
B*48:04,69TNT, 76ESN, 163EW, 193PV, 66IS, 76ES, 102DV, 143S, 147L, 156LA, 170RY, 177dk, 193PI, 245TA
B*48:05,69TNT, 76ESN, 163EW, 180E, 193PV, 66IS, 76ES, 102DV, 152RE, 156RA, 170RY, 177DK, 193pi, 245ta
B*48:06,69TNT, 76ESN, 163EW, 180E, 193PV, 66IF, 76ES, 102DV, 143S, 147L, 156LA, 170RY, 177DK, 193pi, 245ta
B*48:07,69TNT, 76ESN, 163EW, 180E, 193PV, 66IS, 76ES, 102DV, 143S, 147L, 156LA, 170RY, 177DK, 193pi, 245ta
B*49:01,41T, 69TNT, 80I, 82LR, 131S, 163LW, 66IS, 76EN, 103L, 152RE, 156LA, 163LE, 170RY, 193PI
B*49:02,41T, 69TNT, 80TLR, 82LR, 131S, 163LW, 66IS, 76EN, 103L, 152RE, 156LA, 163LE, 170RY, 193PI
B*50:01,41T, 69TNT, 76ESN, 131S, 163LW, 66IS, 76ES, 103L, 152RE, 156LA, 163LE, 170RY, 193PI
B*50:02,41T, 69TNT, 76ESN, 131S, 166ES, 66IS, 76ES, 103L, 152RE, 156LA, 163LE, 170RY, 193PI
B*50:04,41T, 69TNT, 76ESN, 131S, 163LW, 66IS, 76ES, 102DV, 152RE, 156LA, 163LE, 170RY, 193pi
B*51:01,44RT, 69TNT, 80I, 82LR, 131S, 163LW, 193PV, 66IF, 76EN, 102DV, 152RE, 156LA, 163LE, 170RH
B*51:02,44RT, 69TNT, 80I, 82LR, 131S, 163LW, 193PV, 66IF, 76EN, 102DV, 152RE, 156LA, 163LE, 170RY
B*51:04,44RT, 69TNT, 80I, 82LR, 131S, 163LW, 193PV, 66IF, 76EN, 102DV, 152RE, 156LA, 163LE, 170RH
B*51:05,44RT, 69TNT, 80I, 82LR, 131S, 163LW, 193PV, 66IF, 76EN, 102DV, 156RA, 163LE, 170RY
B*51:06,44RT, 69TNT, 80I, 82LR, 131S, 163LW, 193PV, 66IF, 76EN, 102DV, 152RE, 156LA, 163LE, 170RH
B*51:07,44RT, 69TNT, 80I, 82LR, 131S, 163LW, 193PV, 66IS, 76EN, 102DV, 152RE, 156LA, 163LE, 170RH
B*51:08,44RT, 69TNT, 80I, 82LR, 131S, 156DA, 163LW, 193PV, 66IF, 76EN, 102DV, 163LE, 170RH
B*51:09,44RT, 69TNT, 80I, 82LR, 131S, 163LW, 193PV, 66IF, 76EN, 102DV, 156LA, 163LE, 170RH
B*51:10,44RT, 69TNT, 80I, 82LR, 163EW, 193PV, 66IF, 76EN, 102DV, 156LA, 170RY
B*51:13,44RT, 69TNT, 80I, 82LR, 131S, 163LW, 193PV, 66IF, 76EN, 102DV, 152RE, 156LA, 163LE, 170RH
B*51:14,44RT, 69TNT, 80I, 82LR, 131S, 163LW, 193PV, 66IF, 76EN, 102DV, 152RE, 156LA, 163LE, 170RH
B*51:19,44RT, 69TNT, 80I, 82LR, 131S, 158T, 163LW, 193PV, 66IF, 76EN, 102DV, 163LE, 170RH
B*51:20,44RT, 69TNT, 80I, 82LR, 131S, 156DA, 163LW, 193PV, 66IF, 76EN, 102DV, 163LE, 170RH
B*51:21,44RT, 69TNT, 80I, 82LR, 131S, 193PV, 66IF, 76EN, 102DV, 152RE, 156LA, 163TEW, 170RH
B*51:22,44RT, 69TNT, 80I, 82LR, 131S, 163LW, 193PV, 66IC, 76EN, 102DV, 152RE, 156LA, 163LE, 170RH
B*51:23,44RT, 69TNT, 80I, 82LR, 131S, 166ES, 193PV, 66IF, 76EN, 102DV, 152RE, 156LA, 163LE, 170RY
B*51:29,44RT, 69TNT, 80I, 82LR, 131S, 163LW, 193PV, 66IF, 76EN, 102DV, 152RE, 156RA, 163LE, 170RH
B*51:31,44RT, 69TNT, 80I, 82LR, 131S, 163EW, 193PV, 66IF, 76EN, 102DV, 156LA, 170RH
B*51:34,44RT, 69TNT, 80I, 82LR, 131S, 163EW, 193PV, 66IF, 76EN, 102DV, 152RE, 156LA, 170RY
B*52:01,44RT, 69TNT, 80I, 82LR, 131S, 163LW, 193PV, 66IS, 76EN, 102DV, 152RE, 156LA, 163LE, 170RH
B*52:02,44RMA, 69TNT, 80I, 82LR, 131S, 163LW, 193PV, 44RM, 66IS, 76EN, 102DV, 152RE, 156LA, 163LE, 170RH
B*52:03,44RT, 69TNT, 80I, 82LR, 131S, 163LW, 193PV, 66IS, 76EN, 102DV, 156LA, 163LE, 170RY
B*52:04,44RT, 69TNT, 80I, 82LR, 131S, 163LW, 193PV, 66IS, 76EN, 102DV, 152RE, 156LA, 163LE, 170RH
B*53:01,44RT, 69TNT, 80I, 82LR, 131S, 163LW, 193PV, 66IF, 76EN, 103L, 156LA, 163LE, 170RY
B*53:02,44RT, 69TNT, 80I, 82LR, 131S, 163LW, 193PV, 66IF, 76EN, 103L, 156LA, 163LE, 170RH
B*53:03,44RT, 69TNT, 80TLR, 82LR, 131S, 163LW, 193PV, 66IF, 76ED, 103L, 156LA, 163LE, 170RY
B*53:04,44RT, 69TNT, 80I, 82LR, 131S, 163LW, 193PV, 66IF, 76EN, 103L, 156LA, 163LE, 170RY
B*53:09,44RT, 69TNT, 80TLR, 82LR, 131S, 163LW, 193PV, 66IS, 76EN, 103L, 156LA, 163LE, 170RY
B*54:01,65QIA, 69AA, 70IAQ, 76ESN, 131S, 66IY, 69AT, 76ES, 103L, 156LA, 163TEW, 170RY, 193PI
B*55:01,65QIA, 69AA, 70IAQ, 76ESN, 131S, 66IY, 69AT, 76ES, 103L, 152RE, 156LA, 163TEW, 170RY, 193PI
B*55:02,65QIA, 69AA, 70IAQ, 76ESN, 131S, 66IY, 69AT, 76ES, 103L, 156LA, 163TEW, 170RY, 193PI
B*55:04,65QIA, 69AA, 70IAQ, 76ESN, 66IY, 69AT, 76ES, 102DV, 156LA, 163TEW, 170RY, 193PI
B*55:07,65QIA, 69AA, 70IAQ, 76ESN, 131S, 66IY, 69AT, 76ES, 103L, 156LA, 163TEW, 170RY, 193PI
B*55:12,65QIA, 69AA, 70IAQ, 131S, 66IY, 69AT, 76EN, 103L, 156LA, 163TEW, 170RY, 193PI
B*55:17,65QIA, 69AA, 70IAQ, 76ESN, 131S, 66IY, 69AT, 76ES, 102DV, 152RE, 156LA, 163TEW, 170RY, 193pi
B*56:01,65QIA, 69AA, 70IAQ, 76ESN, 131S, 163LW, 66IY, 69AT, 76ES, 103L, 156LA, 163LE, 170RY, 193PI
B*56:02,65QIA, 69AA, 70IAQ, 76ESN, 131S, 163LW, 66IY, 69AT, 76ES, 103L, 156LA, 163LE, 170RY, 193PI
B*56:03,65QIA, 69AA, 70IAQ, 76ESN, 131S, 163LW, 66IY, 69AT, 76ES, 102DV, 152RE, 156WA, 163LE, 170RY, 193PI
B*56:04,65QIA, 69AA, 70IAQ, 76ESN, 131S, 163LW, 66IY, 69AT, 76ES, 102DV, 156LA, 163LE, 170RY, 193PI
B*56:05,65QIA, 69AA, 70IAQ, 76ESN, 131S, 163LW, 193PV, 66IY, 69AT, 76ES, 102DV, 152RE, 156LA, 163LE, 170RH
B*56:06,44RT, 65QIA, 69AA, 70IAQ, 76ESN, 131S, 163LW, 66IY, 69AT, 76ES, 102DV, 152RE, 156LA, 163LE, 170RH
B*56:07,65QIA, 69AA, 70IAQ, 80TLR, 82LR, 131S, 163LW, 66IY, 69AT, 76EN, 103L, 156LA, 163LE, 170RY
B*56:10,65QIA, 69AA, 70IAQ, 76ESN, 131S, 66IY, 69AT, 76ES, 103L, 156LA, 163TEW, 170RY, 193PI
B*57:01,44RMA, 62GE, 69AA, 71SA, 80I, 82LR, 131S, 163LW, 44RM, 65RA, 66N, 69AT, 76EN, 102DV, 156LA, 163LE, 170RY, 193PI
B*57:02,44RMA, 62GE, 69AA, 71SA, 80I, 82LR, 131S, 163LW, 44RM, 65RA, 66N, 69AT, 76EN, 102DV, 156RA, 163LE, 170RY, 193PI
B*57:03,44RMA, 62GE, 69AA, 71SA, 80I, 82LR, 131S, 163LW, 44RM, 65RA, 66N, 69AT, 76EN, 102DV, 156LA, 163LE, 170RY, 193PI
B*57:04,44RMA, 62GE, 69AA, 71SA, 80I, 82LR, 131S, 163LW, 44RM, 65RA, 66N, 69AT, 76EN, 102DV, 156RA, 163LE, 170RY, 193PI
B*57:05,44RMA, 62GE, 69AA, 71SA, 80I, 82LR, 131S, 163LW, 44RM, 65RA, 66N, 69AT, 76EN, 103L, 156RA, 163LE, 170RY, 193pi
B*57:09,44RMA, 62GE, 69AA, 71SA, 80I, 82LR, 131S, 156DA, 163LW, 44RM, 65RA, 66N, 69AT, 76EN, 102DV, 152RE, 163LE, 170RY, 193pi
B*58:01,44RT, 62GE, 69AA, 71SA, 80I, 82LR, 131S, 163LW, 193PV, 65RA, 66N, 69AT, 76EN, 103L, 156LA, 163LE, 170RY
B*58:02,44RT, 62GE, 69AA, 71SA, 80I, 82LR, 131S, 163LW, 193PV, 65RA, 66N, 69AT, 76EN, 103L, 156LA, 163LE, 170RY
B*58:04,44RT, 62EE, 69AA, 71SA, 80I, 82LR, 131S, 163LW, 193PV, 65RA, 66N, 69AT, 76EN, 103L, 156LA, 163LE, 170RY
B*58:06,44RT, 62GE, 69AA, 71SA, 80I, 82LR, 131S, 163LW, 193PV, 65RA, 66N, 69AT, 76EN, 103L, 152RE, 156LA, 163LE, 170RY
B*59:01,69TNT, 80I, 82LR, 131S, 66IF, 76EN, 103L, 156LA, 163TEW, 170RY, 193PI
B*67:01,65QIA, 69AA, 70IAQ, 76ESN, 131S, 158T, 66IY, 69AT, 76ES, 102DV, 163TEW, 170RY, 193PI
B*73:01,65QIA, 69AA, 76VRN, 90D, 163EW, 253Q, 267QE, 66IC, 71KA, 69AT, 73TV, 103M2, 156LA, 170RH, 193PI, 270C, 275K
B*78:01,44RT, 69TNT, 76ESN, 131S, 163LW, 193PV, 66IF, 76ES, 102DV, 152RE, 156LA, 163LE, 170RH
B*78:02,44RT, 69TNT, 76ESN, 131S, 163LW, 193PV, 66IF, 76ES, 102DV, 152RE, 156LA, 163LE, 170RH
B*78:04,44RT, 69TNT, 76ESN, 131S, 163LW, 193PV, 66IF, 76ES, 102DV, 156LA, 163LE, 170RY
B*78:05,44RT, 69TNT, 76ESN, 131S, 163LW, 193PV, 66IS, 76ES, 102DV, 152RE, 156LA, 163LE, 170RH
B*81:01,65QIA, 69AA, 70IAQ, 76ESN, 163EW, 180E, 66IY, 69AT, 76ES, 102DV, 143S, 147L, 156LA, 170RY, 177DK, 193PI, 245TA
B*82:01,65QIA, 69AA, 70IAQ, 76ESN, 131S, 156DA, 166ES, 66IY, 69AT, 76ES, 103L, 163LE, 170RY, 193PI
B*82:02,65QIA, 69AA, 70IAQ, 76ESN, 131S, 156DA, 166ES, 66IY, 69AT, 76ES, 103L, 163LE, 170RY, 193PI
B*83:01,65QIA, 69AA, 70IAQ, 76ESN, 131S, 156DA, 166ES, 66IY, 69AT, 76ES, 102DV, 163LE, 170RY, 193pi
C*01:02,76VS, 76VRN, 193PV, 219W, 1C, 66K, 69RT, 73TV, 103L, 152RE, 156RA, 163TEW, 170RY, 184H, 248M, 267PE
C*01:03,76VS, 76VRN, 193PV, 219W, 1C, 66K, 69RT, 73TV, 103L, 152RE, 156RA, 163TEW, 170RY, 184H, 248M, 267PE
C*01:10,76VS, 76VRN, 163EW, 193PV, 219W, 1c, 66K, 69RT, 73TV, 103L, 152RE, 156RA, 170RY, 184h, 248m, 267pe
C*02:02,21H, 80K, 163EW, 193PV, 1C, 16S, 66K, 69RT, 73TV, 103L, 152RE, 156WA, 170RY, 184H, 211T, 267PE
C*02:03,21H, 80K, 163EW, 193PV, 1c, 16S, 66K, 69RT, 73TV, 103L, 156LA, 170RY, 184h, 211t, 267pe
C*02:04,21H, 80K, 163EW, 193PV, 1c, 16S, 66K, 69RT, 73TV, 103L, 152RE, 156WA, 170RY, 184h, 211t, 267pe
C*02:08,80K, 163EW, 193PV, 1c, 16S, 66K, 69RT, 73TV, 103L, 152RE, 156WA, 170RY, 184h, 211t, 267pe
C*02:10,21H, 80K, 163EW, 193PV, 1C, 16S, 66K, 69RT, 73TV, 103L, 152RE, 156WA, 170RY, 184H, 211t, 267PE
C*03:02,21H, 76VS, 76VRN, 163LW, 173K, 193PV, 219W, 66K, 69RT, 73TV, 102DV, 152RE, 156LA, 163LE, 170RY, 184H, 267PE
C*03:03,21H, 76VS, 76VRN, 163LW, 173K, 193PV, 219W, 66K, 69RT, 73TV, 102DV, 152RE, 156LA, 163LE, 170RY, 184H, 267PE
C*03:04,21H, 76VS, 76VRN, 163LW, 173K, 193PV, 219W, 66K, 69RT, 73TV, 102DV, 152RE, 156LA, 163LE, 170RY, 184H, 267PE
C*03:05,21H, 76VS, 76VRN, 163LW, 173K, 193PV, 219W, 66K, 69RT, 73TV, 102DV, 152RE, 156LA, 163LE, 170RY, 184H, 267PE
C*03:06,21H, 76VS, 76VRN, 163LW, 173K, 193PV, 219W, 66K, 69RT, 73TV, 102DV, 152RE, 156LA, 163LE, 170RY, 184H, 267PE
C*03:10,21H, 76VS, 80K, 163LW, 173K, 193PV, 219W, 66K, 69RT, 73TV, 102DV, 152RE, 156LA, 163LE, 170RY, 184h, 267pe
C*03:17,21H, 76VS, 76VRN, 163LW, 173K, 193PV, 219W, 66K, 69RT, 73TV, 102DV, 152RE, 156LA, 163LE, 170RY, 184h, 267pe
C*03:19,21H, 76VS, 76VRN, 163LW, 173K, 193PV, 219W, 66K, 69RT, 73TV, 102DV, 152RE, 156LA, 163LE, 170RY, 184H, 267PE
C*04:01,80K, 90D, 193PV, 219W, 17WR, 66K, 69RA, 73A, 103L, 152RE, 156RA, 163TEW, 170RY, 184H, 267PE, 275K
C*04:03,21H, 80K, 90D, 193PV, 219W, 16S, 66K, 69RA, 73A, 103L, 152RE, 156RA, 163TEW, 170RY, 184H, 267PE, 275K
C*04:04,80K, 90D, 193PV, 219W, 17WR, 66K, 69RA, 73A, 103L, 152RE, 156LA, 163TEW, 170RY, 184H, 267PE, 275k
C*04:05,80K, 90D, 193PV, 219W, 17WR, 66K, 69RA, 73A, 103L, 152RE, 156RA, 163TEW, 170RY, 184h, 267pe, 275k
C*05:01,80K, 138K, 177KT, 193PV, 1c, 66K, 69RT, 73TV, 103L, 152RE, 156RA, 163TEW, 170RY, 184H, 267PE, 275G
C*05:04,80K, 138K, 177KT, 193PV, 1c, 66K, 69RT, 73TV, 103L, 152RE, 156RA, 163TEW, 170RY, 184h, 267pe, 275g
C*05:10,80K, 138K, 177KT, 193PV, 1c, 66K, 69RT, 73TV, 103L, 152RE, 156RA, 163TEW, 170RY, 184h, 267pe, 275g
C*06:02,80K, 90D, 193PV, 1C, 66K, 69RA, 73A, 103L, 152RE, 156WA, 163TEW, 170RY, 184H, 267PE
C*06:03,80K, 90D, 193PV, 1c, 66K, 69RA, 73A, 103L, 152RE, 156WA, 163TEW, 170RY, 184h, 267pe
C*06:04,80K, 90D, 193PV, 1c, 66K, 69RA, 73A, 103L, 152RE, 156LA, 163TEW, 170RY, 184h, 267pe
C*06:05,80K, 90D, 193PV, 1c, 66K, 69RT, 73TV, 103L, 152RE, 156RA, 163TEW, 170RY, 184h, 267pe
C*07:01,76VS, 76VRN, 90D, 193PL3, 253Q, 267QE, 1C, 66N, 69RA, 73A, 103L, 147L, 152RA, 156LA, 163TEW, 170RY
C*07:02,76VS, 76VRN, 90D, 193PL3, 253Q, 267QE, 1C, 66K, 69RA, 73A, 103L, 147L, 152RA, 156LA, 163TEW, 170RY
C*07:03,76VS, 76VRN, 90D, 163LW, 193PL3, 253Q, 267QE, 1C, 66K, 69RA, 73A, 103L, 152RA, 156LA, 163LE, 170RY
C*07:04,76VS, 76VRN, 90D, 156DA, 177KT, 193PL3, 253Q, 267QE, 1C, 66K, 69RA, 73A, 103L, 147L, 152RA, 163TEW, 170RY
C*07:06,76VS, 76VRN, 90D, 193PL3, 253Q, 267QE, 1C, 66N, 69RA, 73A, 103L, 147L, 152RA, 156LA, 163TEW, 170RY
C*07:07,80K, 193PL3, 253Q, 267QE, 1c, 66N, 69RA, 73A, 103L, 147L, 152RA, 156LA, 163TEW, 170RY
C*07:08,76VS, 76VRN, 90D, 193PL3, 253Q, 267QE, 1c, 66K, 69RA, 73A, 103L, 147L, 152RA, 156LA, 163TEW, 170RY
C*07:10,76VS, 76VRN, 90D, 193PL3, 253Q, 267QE, 1c, 66K, 69RA, 73A, 103L, 147L, 152RA, 156LA, 163TEW, 170RY
C*07:13,76VS, 76VRN, 90D, 193PL3, 253Q, 267QE, 1c, 66K, 69RA, 73A, 103L, 147L, 152RA, 156LA, 163TEW, 170RY
C*07:21,76VS, 76VRN, 90D, 193PL3, 253Q, 267QE, 1c, 66N, 69RA, 73A, 103L, 147L, 152RA, 156LA, 163TEW, 170RY
C*07:29,76VS, 76VRN, 90D, 193PL3, 267QE, 1C, 66K, 69RA, 73A, 103L, 147L, 152RA, 156LA, 163TEW, 170RY
C*08:01,76VS, 76VRN, 177KT, 193PV, 1C, 66K, 69RT, 73TV, 103L, 152RT, 156LA, 163TEW, 170RY, 184H, 267PE, 275G
C*08:02,76VS, 76VRN, 138K, 177KT, 193PV, 1C, 66K, 69RT, 73TV, 103L, 152RE, 156RA, 163TEW, 170RY, 184H, 267PE, 275G
C*08:03,76VS, 76VRN, 177KT, 193PV, 1C, 66K, 69RT, 73TV, 103L, 152RT, 156LA, 163TEW, 170RY, 184H, 267PE, 275G
C*08:04,76VS, 76VRN, 138K, 177KT, 193PV, 1C, 66K, 69RT, 73TV, 103L, 152RE, 156LA, 163TEW, 170RY, 184H, 267PE, 275G
C*08:12,76VS, 76VRN, 138K, 177KT, 193PV, 1c, 66K, 69RT, 73TV, 103L, 152RE, 156RA, 163TEW, 170RY, 184h, 267pe, 275g
C*12:02,76VS, 76VRN, 193PV, 1C, 66K, 69RA, 73A, 103L, 152RE, 156WA, 163TEW, 170RY, 184H, 267PE
C*12:03,76VS, 76VRN, 193PV, 1C, 66K, 69RA, 73A, 103L, 152RE, 156WA, 163TEW, 170RY, 184H, 267PE
C*12:04,80K, 193PV, 1C, 66K, 69RA, 73A, 103L, 152RE, 156WA, 163TEW, 170RY, 184H, 267PE
C*14:02,76VS, 76VRN, 193PV, 219W, 1C, 66K, 69RT, 73TV, 103L, 152RE, 156RA, 163TEW, 170RY, 184H, 267PE
C*14:03,21H, 76VS, 76VRN, 193PV, 219W, 1C, 66K, 69RT, 73TV, 103L, 152RE, 156RA, 163TEW, 170RY, 184H, 267PE
C*15:02,21H, 80K, 193PV, 1C, 66N, 69RT, 73TV, 103L, 152RE, 156LA, 163TEW, 170RY, 184H, 267PE
C*15:03,21H, 80K, 193PV, 1C, 66N, 69RA, 73A, 103L, 152RE, 156LA, 163TEW, 170RY, 184H, 267PE
C*15:05,21H, 80K, 193PV, 1C, 66N, 69RT, 73TV, 103L, 152RE, 156LA, 163TEW, 170RY, 184H, 267PE
C*15:06,21H, 80K, 193PV, 1C, 66N, 69RT, 73TV, 103L, 152RE, 156LA, 163TEW, 170RY, 184H, 267PE
C*15:09,21H, 80K, 193PV, 1c, 66N, 69RT, 73TV, 103L, 152RE, 156LA, 163TEW, 170RY, 184H, 267PE
C*16:01,76VS, 76VRN, 193PV, 1C, 66K, 69RT, 73TV, 103L, 152RA, 156QA, 163TEW, 170RY, 184H, 193LV, 267PE
C*16:02,80K, 193PV, 1C, 66K, 69RT, 73TV, 103L, 152RA, 156QA, 163TEW, 170RY, 184H, 193LV, 267PE
C*16:04,76VS, 76VRN, 193PV, 1C, 66K, 69RT, 73TV, 103L, 152RA, 156WA, 163TEW, 170RY, 184H, 193LV, 267PE
C*17:01,80K, 163EW, 193PV, 253Q, 267QE, 66K, 69RA, 73A, 103L, 143S, 147L, 152RE, 156LA, 184H, 270C, 275K
C*17:02,80K, 163EW, 193PV, 253Q, 267QE, 66K, 69RA, 73A, 103L, 143S, 147L, 152RE, 156LA, 184h, 270C, 275k
C*18:01,80K, 90D, 193PV, 219W, 1C, 66K, 69RA, 73A, 103L, 152RE, 156RA, 163TEW, 170RY, 184H, 267PE, 275K
C*18:02,80K, 90D, 193PV, 219W, 1C, 66K, 69RA, 73A, 103L, 152RE, 156RA, 163TEW, 170RY, 184H, 267PE, 275K
C*18:03,80K, 90D, 163EW, 193PV, 219W, 1c, 66K, 69RA, 73A, 103L, 152RE, 156WA, 170RY, 184h, 267pe, 275k
