allele,eplet1,eplet2,eplet3,eplet4,eplet5,eplet6,eplet7,eplet8,eplet9,eplet10,eplet11,eplet12,eplet13,eplet14,eplet15,eplet16,eplet17,eplet18,eplet19,eplet20,eplet21,eplet22,eplet23,eplet24,eplet25,eplet26
C*01:02,76VS,76VRN,193PV,219W,1C,66K,69RT,73TV,103L,152RE,156RA,163TEW,170RY,184H,248M,267PE,,,,,,,,,,
C*01:03,76VS,76VRN,193PV,219W,1C,66K,69RT,73TV,103L,152RE,156RA,163TEW,170RY,184H,248M,267PE,,,,,,,,,,
C*01:10,76VS,76VRN,163EW,193PV,219W,1c,66K,69RT,73TV,103L,152RE,156RA,170RY,184h,248m,267pe,,,,,,,,,,
C*02:02,21H,80K,163EW,193PV,1C,16S,66K,69RT,73TV,103L,152RE,156WA,170RY,184H,211T,267PE,,,,,,,,,,
C*02:03,21H,80K,163EW,193PV,1c,16S,66K,69RT,73TV,103L,156LA,170RY,184h,211t,267pe,,,,,,,,,,,
C*02:04,21H,80K,163EW,193PV,1c,16S,66K,69RT,73TV,103L,152RE,156WA,170RY,184h,211t,267pe,,,,,,,,,,
C*02:08,80K,163EW,193PV,1c,16S,66K,69RT,73TV,103L,152RE,156WA,170RY,184h,211t,267pe,,,,,,,,,,,
C*02:10,21H,80K,163EW,193PV,1C,16S,66K,69RT,73TV,103L,152RE,156WA,170RY,184H,211t,267PE,,,,,,,,,,
C*03:02,21H,76VS,76VRN,163LW,173K,193PV,219W,66K,69RT,73TV,102DV,152RE,156LA,163LE,170RY,184H,267PE,,,,,,,,,
C*03:03,21H,76VS,76VRN,163LW,173K,193PV,219W,66K,69RT,73TV,102DV,152RE,156LA,163LE,170RY,184H,267PE,,,,,,,,,
C*03:04,21H,76VS,76VRN,163LW,173K,193PV,219W,66K,69RT,73TV,102DV,152RE,156LA,163LE,170RY,184H,267PE,,,,,,,,,
C*03:05,21H,76VS,76VRN,163LW,173K,193PV,219W,66K,69RT,73TV,102DV,152RE,156LA,163LE,170RY,184H,267PE,,,,,,,,,
C*03:06,21H,76VS,76VRN,163LW,173K,193PV,219W,66K,69RT,73TV,102DV,152RE,156LA,163LE,170RY,184H,267PE,,,,,,,,,
C*03:10,21H,76VS,80K,163LW,173K,193PV,219W,66K,69RT,73TV,102DV,152RE,156LA,163LE,170RY,184h,267pe,,,,,,,,,
C*03:17,21H,76VS,76VRN,163LW,173K,193PV,219W,66K,69RT,73TV,102DV,152RE,156LA,163LE,170RY,184h,267pe,,,,,,,,,
C*03:19,21H,76VS,76VRN,163LW,173K,193PV,219W,66K,69RT,73TV,102DV,152RE,156LA,163LE,170RY,184H,267PE,,,,,,,,,
C*04:01,80K,90D,193PV,219W,17WR,66K,69RA,73A,103L,152RE,156RA,163TEW,170RY,184H,267PE,275K,,,,,,,,,,
C*04:03,21H,80K,90D,193PV,219W,16S,66K,69RA,73A,103L,152RE,156RA,163TEW,170RY,184H,267PE,275K,,,,,,,,,
C*04:04,80K,90D,193PV,219W,17WR,66K,69RA,73A,103L,152RE,156LA,163TEW,170RY,184H,267PE,275k,,,,,,,,,,
C*04:05,80K,90D,193PV,219W,17WR,66K,69RA,73A,103L,152RE,156RA,163TEW,170RY,184h,267pe,275k,,,,,,,,,,
C*05:01,80K,138K,177KT,193PV,1c,66K,69RT,73TV,103L,152RE,156RA,163TEW,170RY,184H,267PE,275G,,,,,,,,,,
C*05:04,80K,138K,177KT,193PV,1c,66K,69RT,73TV,103L,152RE,156RA,163TEW,170RY,184h,267pe,275g,,,,,,,,,,
C*05:10,80K,138K,177KT,193PV,1c,66K,69RT,73TV,103L,152RE,156RA,163TEW,170RY,184h,267pe,275g,,,,,,,,,,
C*06:02,80K,90D,193PV,1C,66K,69RA,73A,103L,152RE,156WA,163TEW,170RY,184H,267PE,,,,,,,,,,,,
C*06:03,80K,90D,193PV,1c,66K,69RA,73A,103L,152RE,156WA,163TEW,170RY,184h,267pe,,,,,,,,,,,,
C*06:04,80K,90D,193PV,1c,66K,69RA,73A,103L,152RE,156LA,163TEW,170RY,184h,267pe,,,,,,,,,,,,
C*06:05,80K,90D,193PV,1c,66K,69RT,73TV,103L,152RE,156RA,163TEW,170RY,184h,267pe,,,,,,,,,,,,
C*07:01,76VS,76VRN,90D,193PL3,253Q,267QE,1C,66N,69RA,73A,103L,147L,152RA,156LA,163TEW,170RY,,,,,,,,,,
C*07:02,76VS,76VRN,90D,193PL3,253Q,267QE,1C,66K,69RA,73A,103L,147L,152RA,156LA,163TEW,170RY,,,,,,,,,,
C*07:03,76VS,76VRN,90D,163LW,193PL3,253Q,267QE,1C,66K,69RA,73A,103L,152RA,156LA,163LE,170RY,,,,,,,,,,
C*07:04,76VS,76VRN,90D,156DA,177KT,193PL3,253Q,267QE,1C,66K,69RA,73A,103L,147L,152RA,163TEW,170RY,,,,,,,,,
C*07:06,76VS,76VRN,90D,193PL3,253Q,267QE,1C,66N,69RA,73A,103L,147L,152RA,156LA,163TEW,170RY,,,,,,,,,,
C*07:07,80K,193PL3,253Q,267QE,1c,66N,69RA,73A,103L,147L,152RA,156LA,163TEW,170RY,,,,,,,,,,,,
C*07:08,76VS,76VRN,90D,193PL3,253Q,267QE,1c,66K,69RA,73A,103L,147L,152RA,156LA,163TEW,170RY,,,,,,,,,,
C*07:10,76VS,76VRN,90D,193PL3,253Q,267QE,1c,66K,69RA,73A,103L,147L,152RA,156LA,163TEW,170RY,,,,,,,,,,
C*07:13,76VS,76VRN,90D,193PL3,253Q,267QE,1c,66K,69RA,73A,103L,147L,152RA,156LA,163TEW,170RY,,,,,,,,,,
C*07:21,76VS,76VRN,90D,193PL3,253Q,267QE,1c,66N,69RA,73A,103L,147L,152RA,156LA,163TEW,170RY,,,,,,,,,,
C*07:29,76VS,76VRN,90D,193PL3,267QE,1C,66K,69RA,73A,103L,147L,152RA,156LA,163TEW,170RY,,,,,,,,,,,
C*08:01,76VS,76VRN,177KT,193PV,1C,66K,69RT,73TV,103L,152RT,156LA,163TEW,170RY,184H,267PE,275G,,,,,,,,,,
C*08:02,76VS,76VRN,138K,177KT,193PV,1C,66K,69RT,73TV,103L,152RE,156RA,163TEW,170RY,184H,267PE,275G,,,,,,,,,
C*08:03,76VS,76VRN,177KT,193PV,1C,66K,69RT,73TV,103L,152RT,156LA,163TEW,170RY,184H,267PE,275G,,,,,,,,,,
C*08:04,76VS,76VRN,138K,177KT,193PV,1C,66K,69RT,73TV,103L,152RE,156LA,163TEW,170RY,184H,267PE,275G,,,,,,,,,
C*08:12,76VS,76VRN,138K,177KT,193PV,1c,66K,69RT,73TV,103L,152RE,156RA,163TEW,170RY,184h,267pe,275g,,,,,,,,,
C*12:02,76VS,76VRN,193PV,1C,66K,69RA,73A,103L,152RE,156WA,163TEW,170RY,184H,267PE,,,,,,,,,,,,
C*12:03,76VS,76VRN,193PV,1C,66K,69RA,73A,103L,152RE,156WA,163TEW,170RY,184H,267PE,,,,,,,,,,,,
C*12:04,80K,193PV,1C,66K,69RA,73A,103L,152RE,156WA,163TEW,170RY,184H,267PE,,,,,,,,,,,,,
C*14:02,76VS,76VRN,193PV,219W,1C,66K,69RT,73TV,103L,152RE,156RA,163TEW,170RY,184H,267PE,,,,,,,,,,,
C*14:03,21H,76VS,76VRN,193PV,219W,1C,66K,69RT,73TV,103L,152RE,156RA,163TEW,170RY,184H,267PE,,,,,,,,,,
C*15:02,21H,80K,193PV,1C,66N,69RT,73TV,103L,152RE,156LA,163TEW,170RY,184H,267PE,,,,,,,,,,,,
C*15:03,21H,80K,193PV,1C,66N,69RA,73A,103L,152RE,156LA,163TEW,170RY,184H,267PE,,,,,,,,,,,,
C*15:05,21H,80K,193PV,1C,66N,69RT,73TV,103L,152RE,156LA,163TEW,170RY,184H,267PE,,,,,,,,,,,,
C*15:06,21H,80K,193PV,1C,66N,69RT,73TV,103L,152RE,156LA,163TEW,170RY,184H,267PE,,,,,,,,,,,,
C*15:09,21H,80K,193PV,1c,66N,69RT,73TV,103L,152RE,156LA,163TEW,170RY,184H,267PE,,,,,,,,,,,,
C*16:01,76VS,76VRN,193PV,1C,66K,69RT,73TV,103L,152RA,156QA,163TEW,170RY,184H,193LV,267PE,,,,,,,,,,,
C*16:02,80K,193PV,1C,66K,69RT,73TV,103L,152RA,156QA,163TEW,170RY,184H,193LV,267PE,,,,,,,,,,,,
C*16:04,76VS,76VRN,193PV,1C,66K,69RT,73TV,103L,152RA,156WA,163TEW,170RY,184H,193LV,267PE,,,,,,,,,,,
C*17:01,80K,163EW,193PV,253Q,267QE,66K,69RA,73A,103L,143S,147L,152RE,156LA,184H,270C,275K,,,,,,,,,,
C*17:02,80K,163EW,193PV,253Q,267QE,66K,69RA,73A,103L,143S,147L,152RE,156LA,184h,270C,275k,,,,,,,,,,
C*18:01,80K,90D,193PV,219W,1C,66K,69RA,73A,103L,152RE,156RA,163TEW,170RY,184H,267PE,275K,,,,,,,,,,
C*18:02,80K,90D,193PV,219W,1C,66K,69RA,73A,103L,152RE,156RA,163TEW,170RY,184H,267PE,275K,,,,,,,,,,
C*18:03,80K,90D,163EW,193PV,219W,1c,66K,69RA,73A,103L,152RE,156WA,170RY,184h,267pe,275k,,,,,,,,,,
