allele,eplet1,eplet2,eplet3,eplet4,eplet5,eplet6,eplet7,eplet8,eplet9,eplet10,eplet11,eplet12,eplet13,eplet14,eplet15,eplet16,eplet17,eplet18,eplet19,eplet20,eplet21,eplet22,eplet23,eplet24,eplet25,eplet26,eplet27,eplet28,eplet29,eplet30,eplet31,eplet32,eplet33,eplet34,eplet35,eplet36,eplet37,eplet38,eplet39,eplet40,eplet41,eplet42,eplet43,eplet44,eplet45,eplet46,eplet47,eplet48,eplet49,eplet50,eplet51,eplet52,eplet53,eplet54
DRB1*03:01,rq26Y,rqp57D,rp67LK,rq140TV,4R,11STS,13SE,16H,25R,26Y,28D,31F,31FH,32H,33N,37N,38V,40F,47F,57D,57DA,58A,58AY,60Y,67LQ,70Q,70QK,71K,73G,74R,77N,78Y,85V,85VV,86V,96H,96HK,98K,98KS,108P,112H,120S,140TV,149H,180V,180VTP,181T,189R,,,,,,
DRB1*09:01,rq26Y,rq57V,rq70RK/R,rq75VT,rq77TV,4Q,13FE,16H,25R,26Y,28H,30G,31I,32Y,32YN,33N,37N,38V,40F,47Y,47YR,57V,58A,67F,70R,70RE,71R,73A,74E,77T,85V,86G,96H,98E,98ES,104A,104AK,108P,112H,120S,140A,140AV,149Q,180V,180VMP,181M,189R,,,,,,,
DRB1*09:02,rq26Y,rqp57D,rq70RK/R,rq75VT,rq77TV,13FE,16H,25R,26Y,28H,30G,31I,32Y,32YN,33N,37N,38V,40F,47Y,47YR,57D,57DA,58A,58AY,60Y,67F,70R,70RE,71R,73A,74E,77T,85V,86G,96H,98E,104A,104AK,108P,112H,120S,140A,140AV,149Q,180V,180VMP,181M,189R,,,,,,
DRB3*01:01,rq26Y,rq57V,rp67LK,4R,13SE,16H,25R,26Y,28D,31F,31FH,32H,33N,37F,37FL,38L,40F,47Y,47YR,57V,58A,67LQ,70Q,70QK,71K,73G,74R,77N,78Y,85V,86G,96H,98Q,104A,104AK,108P,112H,120S,140A,140AV,149Q,180V,181T,189R,,,,,,,,,,
DRB1*07:01,rp37FV,rq57V,rq75VT,rq77TV,4Q,16H,25Q,26F,31F,31FY,32Y,32YN,33N,37F,37FV,38V,40F,47Y,47YR,57V,58A,67I,70D,70DR,71R,73G,73GQ,77T,85V,86G,96H,98E,98ES,104A,104AK,108P,112H,120S,140A,140AV,149Q,180V,180VMP,181M,189R,,,,,,,,,
DRB1*14:01,rp37FV,rqp57A,rp67LR,rq70RK/R,rq75VT,rq140TV,4R,11STS,13SE,16H,25R,26F,28D,31F,31FH,32H,33N,37F,37FV,38V,40F,47Y,47YR,57A,58A,70R,70RE,71R,73A,74E,77T,77TY,78Y,85V,85VV,86V,96H,96HK,98K,98KS,108P,112Y,120S,140TV,149H,180V,180VTP,181T,189R,,,,,
DRB1*14:04,rp37FV,rqp57A,rp67LR,rq70RK/R,rq75VT,rq140TV,4R,16Y,25R,26F,28D,31F,31FH,32H,33N,37F,37FV,38V,40F,47Y,47YR,57A,58A,70R,70RE,71R,73A,74E,77T,77TY,78Y,85V,85VV,86V,96H,96HK,98K,98KS,108P,112H,120S,140TV,149H,180V,180VTP,181T,189R,,,,,,,
DRB1*14:54,rp37FV,rqp57A,rp67LR,rq70RK/R,rq75VT,rq140TV,4R,11STS,13SE,16H,25R,26F,28D,31F,31FH,32H,33N,37F,37FV,38V,40F,47Y,47YR,57A,58A,70R,70RE,71R,73A,74E,77T,77TY,78Y,85V,85VV,86V,96H,96HK,98K,98KS,108P,112H,120S,140TV,149H,180V,180VTP,181T,189R,,,,,
DRB3*03:01,rp37FV,rq57V,rp67LK,rq140TV,4R,13SE,16H,25R,26F,31F,31FH,32H,33N,37F,37FV,38V,40F,47Y,47YR,57V,58A,67LQ,70Q,70QK,70QQ,71K,73G,73GQ,77N,78Y,85V,85VV,86V,96H,98Q,104A,104AK,108P,112H,120S,140TV,149H,180V,180VTP,181T,189R,,,,,,,,
DRB1*10:01,rqp37YA,rqp57D,rp67LR,rq70RK/R,rq74AV,rq75VT,rq140TV,4R,13FE,16H,25R,26L,30RV,32H,33N,37Y,38A,47Y,47YR,57D,57DA,58A,58AY,60Y,70R,71R,73A,74A,77T,77TY,78Y,85V,86G,96Q,96QN,98K,98KN,108P,112H,120N,140TV,149Q,180V,180VMP,181M,189R,,,,,,,,
DRB3*02:01,rqp37YA,rqp57D,rp67LK,4R,13SE,16H,25R,26F,30H,31F,31FH,32H,33N,37Y,38A,40F,47Y,47YR,51R,57D,57DA,58A,58AY,60Y,67LQ,70Q,70QK,70QQ,71K,73G,73GQ,77N,78Y,85V,85VV,86V,96H,98Q,104A,104AK,108P,112H,120S,140A,140AV,149Q,180V,180VTP,181T,189S,,,,
DRB3*02:02,rqp37YA,rqp57D,rp67LK,4R,13SE,16H,25R,26F,30H,31F,31FH,32H,33N,37Y,38A,40F,47Y,47YR,51R,57D,57DA,58A,58AY,60Y,67LQ,70Q,70QK,70QQ,71K,73G,73GQ,77N,78Y,85V,86G,96H,98Q,104A,104AK,108P,112H,120S,140A,140AV,149Q,180V,180VTP,181T,189S,,,,,
DRB4*01:01,rqp37YA,rqp57D,rp67LR,rq70RK/R,rq75VT,4Q,16H,31I,32Y,32YN,33N,37Y,38A,47Y,48Q,57D,57DA,58A,58AY,60Y,70R,70RE,71R,73A,74E,77T,77TY,78Y,85V,85VV,86V,96Q,96QN,98K,98KN,108P,112H,120N,133RS,140A,140AV,149Q,181M,189S,,,,,,,,,,
DRB4*01:03,rqp37YA,rqp57D,rp67LR,rq70RK/R,rq75VT,4Q,16H,31I,32Y,32YN,33N,37Y,38A,47Y,48Q,57D,57DA,58A,58AY,60Y,70R,70RE,71R,73A,74E,77T,77TY,78Y,85V,85VV,86V,96Q,96QN,98K,98KN,108P,112H,120N,140A,140AV,149Q,181M,189S,,,,,,,,,,,
DRB1*04:01,rq37YV,rqp57D,rp67LK,rq74AV,rq75VT,rq140TV,4R,16H,25R,26F,28D,31F,31FY,32Y,37Y,37YV,38V,40F,47Y,47YR,57D,57DA,58A,58AY,60Y,67LQ,70Q,70QA,70QK,70QT,71K,73A,74A,77T,77TY,78Y,85V,86G,96Y,98E,104A,104AK,108P,112H,120N,140TV,149Q,181T,189R,,,,,
DRB1*04:02,rq37YV,rqp57D,rp67IE,rq74AV,rq75VT,rq140TV,4R,16H,25R,26F,28D,31F,31FY,32Y,37Y,37YV,38V,40F,47Y,47YR,57D,57DA,58A,58AY,60Y,67I,70D,70DA,71E,73A,74A,77T,77TY,78Y,85V,85VV,86V,96Y,98E,104A,104AK,108P,112H,120N,140TV,149Q,181T,189R,,,,,,
DRB1*04:03,rq37YV,rqp57D,rp67LR,rq75VT,rq140TV,4R,16H,25R,26F,28D,31F,31FY,32Y,37Y,37YV,38V,40F,47Y,47YR,57D,57DA,58A,58AY,60Y,67LQ,70Q,70QA,70QRA,70QT,71R,73A,74E,77T,77TY,78Y,85V,85VV,86V,96Y,98E,104A,104AK,108P,112H,120N,140TV,149Q,181T,189R,,,,,
DRB1*04:04,rq37YV,rqp57D,rp67LR,rq74AV,rq75VT,rq140TV,4R,16H,25R,26F,28D,31F,31FY,32Y,37Y,37YV,38V,40F,47Y,47YR,57D,57DA,58A,58AY,60Y,67LQ,70Q,70QA,70QRA,70QT,71R,73A,74A,77T,77TY,78Y,85V,85VV,86V,96Y,98E,104A,104AK,108P,112H,120N,140TV,149Q,181T,189R,,,,
DRB1*04:05,rq37YV,rq57S,rp67LR,rq74AV,rq75VT,rq140TV,4R,16H,25R,26F,28D,31F,31FY,32Y,37Y,37YV,38V,40F,47Y,47YR,57S,58A,58AY,60Y,67LQ,70Q,70QA,70QRA,70QT,71R,73A,74A,77T,77TY,78Y,85V,86G,96Y,98E,104A,104AK,108P,112H,120N,140TV,149Q,181T,189R,,,,,,
DRB1*08:01,rq37YV,rq57S,rq75VT,rq140TV,4R,16Y,25R,26F,28D,31F,31FY,32Y,32YN,33N,37Y,37YV,38V,40F,47Y,47YR,57S,58A,58AY,60Y,67F,70D,70DA,70DR,70DRA,71R,73A,74L,77T,77TY,78Y,85V,86G,96H,96HK,98K,98KS,108P,112H,120S,140TV,149H,180V,180VTP,181T,189S,,,,
DRB1*11:01,rq37YV,rqp57D,rp58E,rp58EE,rq74AV,rq75VT,rq140TV,4R,11STS,13SE,16H,25R,26F,28D,31F,31FY,32Y,32YN,33N,37Y,37YV,38V,40F,47F,57D,57DE,60Y,67F,70D,70DA,70DR,70DRA,71R,73A,74A,77T,77TY,78Y,85V,86G,96H,96HK,98K,98KS,108P,112H,120S,140TV,149H,180V,180VTP,181T,189R,
DRB1*11:03,rq37YV,rqp57D,rp58E,rp58EE,rq74AV,rq75VT,rq140TV,4R,11STS,13SE,16H,25R,26F,28D,31F,31FY,32Y,32YN,33N,37Y,37YV,38V,40F,47F,57D,57DE,60Y,67F,70D,70DA,71E,73A,74A,77T,77TY,78Y,85V,85VV,86V,96H,96HK,98K,98KS,108P,112H,120S,140TV,149H,180V,180VTP,181T,189R,,
DRB1*11:04,rq37YV,rqp57D,rp58E,rp58EE,rq74AV,rq75VT,rq140TV,4R,11STS,13SE,16H,25R,26F,28D,31F,31FY,32Y,32YN,33N,37Y,37YV,38V,40F,47F,57D,57DE,60Y,67F,70D,70DA,70DR,70DRA,71R,73A,74A,77T,77TY,78Y,85V,85VV,86V,96H,96HK,98K,98KS,108P,112H,120S,140TV,149H,180V,180VTP,181T,189R
DRB1*13:03,rq37YV,rq57S,rqp67IK,rq74AV,rq75VT,rq140TV,4R,11STS,13SE,16H,25R,26F,28D,31F,31FY,32Y,32YN,33N,37Y,37YV,38V,40F,47Y,47YR,57S,58A,58AY,60Y,67I,70D,70DA,71K,73A,74A,77T,77TY,78Y,85V,86G,96H,96HK,98K,98KS,108P,112H,120S,140TV,149H,180V,180VTP,181T,189R,,
DRB1*01:01,rqp57D,rp67LR,rq74AV,rq75VT,4R,13FE,16H,25R,26L,30C,31I,32Y,32YN,33N,37S,38V,40F,47Y,47YR,57D,57DA,58A,58AY,60Y,67LQ,70Q,70QA,70QRA,70QT,71R,73A,74A,77T,77TY,78Y,85V,86G,96EV,98K,98KS,108P,112H,120S,140A,140AV,149Q,180V,180VTP,181T,189R,,,,
DRB1*01:02,rqp57D,rp67LR,rq74AV,rq75VT,4R,13FE,16H,25R,26L,30C,31I,32Y,32YN,33N,37S,38V,40F,47Y,47YR,57D,57DA,58A,58AY,60Y,67LQ,70Q,70QA,70QRA,70QT,71R,73A,74A,77T,77TY,78Y,85A,86V,96EV,98K,98KS,108P,112H,120S,140A,140AV,149Q,180V,180VTP,181T,189R,,,,
DRB1*01:03,rqp57D,rp67IE,rq74AV,rq75VT,4R,13FE,16H,25R,26L,30C,31I,32Y,32YN,33N,37S,38V,40F,47Y,47YR,57D,57DA,58A,58AY,60Y,67I,70D,70DA,71E,73A,74A,77T,77TY,78Y,85V,86G,96EV,98K,98KS,108P,112H,120S,140A,140AV,149Q,180V,180VTP,181T,189R,,,,,,
DRB1*03:02,rqp57D,rp67LK,rq140TV,4R,11STS,13SE,16H,25R,26F,31F,31FH,32H,33N,37N,38V,40F,47Y,47YR,57D,57DA,58A,58AY,60Y,67LQ,70Q,70QK,71K,73G,74R,77N,78Y,85V,86G,96H,96HK,98K,98KS,108P,112H,120S,140TV,149H,180V,180VTP,181T,189R,,,,,,,,
DRB1*03:03,rqp57D,rp67LK,rq140TV,11STS,13SE,16H,25R,26F,31F,31FH,32H,33N,37N,38V,40F,47Y,47YR,57D,57DA,58A,58AY,60Y,67LQ,70Q,70QK,71K,73G,74R,77N,78Y,85V,85VV,86V,96H,96HK,98K,98KS,108P,112H,120S,140TV,180V,180VTP,181T,189R,,,,,,,,,
DRB1*13:01,rqp57D,rp67IE,rq74AV,rq75VT,rq140TV,4R,11STS,13SE,16H,25R,26F,28D,31F,31FH,32H,33N,37N,38V,40F,47F,57D,57DA,58A,58AY,60Y,67I,70D,70DA,71E,73A,74A,77T,77TY,78Y,85V,85VV,86V,96H,96HK,98K,98KS,108P,112H,120S,140TV,149H,180V,180VTP,181T,189R,,,,
DRB1*13:02,rqp57D,rp67IE,rq74AV,rq75VT,rq140TV,4R,11STS,13SE,16H,25R,26F,28D,31F,31FH,32H,33N,37N,38V,40F,47F,57D,57DA,58A,58AY,60Y,67I,70D,70DA,71E,73A,74A,77T,77TY,78Y,85V,86G,96H,96HK,98K,98KS,108P,112H,120S,140TV,149H,180V,180VTP,181T,189R,,,,,
DRB1*13:05,rqp57D,rq74AV,rq75VT,rq140TV,4R,11STS,13SE,16H,25R,26F,28D,31F,31FH,32H,33N,37N,38V,40F,47F,57D,57DA,58A,58AY,60Y,67F,70D,70DA,70DR,70DRA,71R,73A,74A,77T,77TY,78Y,85V,86G,96H,96HK,98K,98KS,108P,112H,120S,140TV,149H,180V,180VTP,181T,189R,,,,
DRB1*14:02,rqp57D,rp67LR,rq74AV,rq75VT,rq140TV,4R,11STS,13SE,16H,25R,26F,31F,31FH,32H,33N,37N,38V,40F,47Y,47YR,57D,57DA,58A,58AY,60Y,67LQ,70Q,70QA,70QRA,70QT,71R,73A,74A,77T,77TY,78Y,85V,86G,96H,96HK,98K,98KS,108P,112H,120S,140TV,149H,180V,180VTP,181T,189R,,,
DRB1*14:03,rqp57D,rp67LR,rq75VT,rq140TV,4R,11STS,13SE,16H,25R,26F,31F,31FH,32H,33N,37N,38V,40F,47Y,47YR,57D,57DA,58A,58AY,60Y,70D,70DA,70DR,70DRA,71R,73A,74L,77T,77TY,78Y,85V,86G,96H,96HK,98K,98KS,108P,112H,120S,140TV,149H,180V,180VTP,181T,189R,,,,,
DRB1*15:01,rqp57D,rq74AV,rq75VT,4R,16H,25R,26F,28D,31F,31FY,32Y,32YN,33N,37S,38V,40F,47F,57D,57DA,58A,58AY,60Y,67I,70Q,70QA,70QT,71A,73A,74A,77T,77TY,78Y,85V,85VV,86V,96Q,98K,98KS,108P,112H,120S,140A,142M,149Q,180V,180VTP,181T,189R,,,,,,
DRB1*15:02,rqp57D,rq74AV,rq75VT,4R,16H,25R,26F,28D,31F,31FY,32Y,32YN,33N,37S,38V,40F,47F,57D,57DA,58A,58AY,60Y,67I,70Q,70QA,70QT,71A,73A,74A,77T,77TY,78Y,85V,86G,96Q,98K,98KS,108P,112H,120S,140A,142M,149Q,180V,180VTP,181T,189R,,,,,,,
DRB1*15:03,rqp57D,rq74AV,rq75VT,4R,16H,25R,26F,28D,30H,31F,31FY,32Y,32YN,33N,37S,38V,40F,47F,57D,57DA,58A,58AY,60Y,67I,70Q,70QA,70QT,71A,73A,74A,77T,77TY,78Y,85V,85VV,86V,96Q,98K,98KS,108P,112H,120S,140A,142M,149Q,180V,180VTP,181T,189R,,,,,
DRB1*16:01,rqp57D,rq74AV,rq75VT,4R,16H,25R,26F,28D,31F,31FY,32Y,32YN,33N,37S,38V,40F,47Y,47YR,57D,57DA,58A,58AY,60Y,67F,70D,70DA,70DR,70DRA,71R,73A,74A,77T,77TY,78Y,85V,86G,96Q,98K,98KS,108P,112H,120S,140A,142M,149Q,180V,180VTP,181T,189R,,,,,
DRB1*16:02,rqp57D,rp67LR,rq74AV,rq75VT,4R,16H,25R,26F,28D,31F,31FY,32Y,32YN,33N,37S,38V,40F,47Y,47YR,57D,57DA,58A,58AY,60Y,70D,70DA,70DR,70DRA,71R,73A,74A,77T,77TY,78Y,85V,86G,96Q,98K,98KS,108P,112H,120S,140A,142M,149Q,180V,180VTP,181T,189R,,,,,
DRB5*01:01,rqp57D,rq74AV,rq75VT,4R,16H,25R,26F,28H,30D,31I,32Y,32YN,33N,38L,40F,47Y,47YR,57D,57DA,58A,58AY,60Y,67F,70D,70DA,70DR,70DRA,71R,73A,74A,77T,77TY,78Y,85V,86G,96EV,98K,98KN,104A,108T,112H,120N,133RS,140A,140AV,149Q,180V,180VTP,181T,189R,,,,
DRB5*02:02,rqp57D,rq74AV,rq75VT,4R,6C,16H,25R,26F,28H,30G,31I,32Y,32YN,33N,37N,38V,40F,47Y,47YR,57D,57DA,58A,58AY,60Y,67I,70Q,70QA,70QT,71A,73A,74A,77T,77TY,78Y,85A,86V,96EV,98K,98KN,104A,108T,112H,120N,140A,140AV,149Q,180V,180VTP,181T,189R,,,,
DRB1*04:09,rq57S,rq75VT,4R,16H,25R,26F,28D,31F,31FY,32Y,37Y,37YV,38V,40F,47Y,47YR,57S,58A,58AY,60Y,67LQ,70Q,70QA,70QK,70QT,71K,73A,74A,77T,77TY,78Y,85V,86G,96Y,98E,104A,104AK,108P,112H,120N,140TV,149Q,181T,189R,,,,,,,,,,
DRB1*04:10,rq57S,rq75VT,4R,16H,25R,26F,28D,31F,31FY,32Y,37Y,37YV,38V,40F,47Y,47YR,57S,58A,58AY,60Y,67LQ,70Q,70QA,70QRA,70QT,71R,73A,74A,77T,77TY,78Y,85V,85VV,86V,96Y,98E,104A,104AK,108P,112H,120N,140TV,149Q,181T,189R,,,,,,,,,
DRB1*04:11,rq57S,rq75VT,4R,16H,25R,26F,28D,31F,31FY,32Y,37Y,37YV,38V,40F,47Y,47YR,57S,58A,58AY,60Y,67LQ,70Q,70QA,70QRA,70QT,71R,73A,74E,77T,77TY,78Y,85V,85VV,86V,96Y,98E,104A,104AK,108P,112H,120N,140TV,149Q,181T,189R,,,,,,,,,
DRB1*04:17,rq57S,rq75VT,16H,25R,26F,28D,31F,31FY,32Y,37Y,37YV,38V,40F,47Y,47YR,57S,58A,58AY,60Y,67LQ,70Q,70QA,70QRA,70QT,71R,73A,74E,77T,77TY,78Y,85V,86G,,,,,,,,,,,,,,,,,,,,,,
DRB1*08:03,rq57S,rq75VT,4R,16Y,25R,26F,28D,31F,31FY,32Y,32YN,33N,37Y,37YV,38V,40F,47Y,47YR,57S,58A,58AY,60Y,67I,70D,70DA,70DR,70DRA,71R,73A,74L,77T,77TY,78Y,85V,86G,96H,96HK,98K,98KS,108P,112H,120S,140TV,149H,180V,180VTP,181T,189S,,,,,,
DRB1*08:05,rq57S,rq75VT,16Y,25R,26F,28D,31F,31FY,32Y,32YN,33N,37Y,37YV,38V,40F,47Y,47YR,57S,58A,58AY,60Y,67F,70D,70DA,70DR,70DRA,71R,73A,74A,77T,77TY,78Y,85V,86G,,,,,,,,,,,,,,,,,,,,
DRB1*08:06,rq57S,rq75VT,4R,16Y,25R,26F,28D,31F,31FY,32Y,32YN,33N,37Y,37YV,38V,40F,47Y,47YR,57S,58A,58AY,60Y,67F,70D,70DA,70DR,70DRA,71R,73A,74L,77T,77TY,78Y,85V,85VV,86V,96H,96HK,98K,98KS,108P,112H,120S,140TV,149H,180V,180VTP,181T,189S,,,,,
DRB1*08:10,rq57S,rq75VT,4R,16Y,25R,26F,28D,31F,31FY,32Y,32YN,33N,37Y,37YV,38V,40F,47Y,47YR,57S,58A,58AY,60Y,67I,70D,70DA,70DR,70DRA,71R,73A,74L,77T,77TY,78Y,85V,85VV,86V,96H,96HK,98K,98KS,108P,112H,120S,140TV,149H,180V,180VTP,181T,189S,,,,,
DRB1*13:04,rq57S,rp67IE,rq75VT,4R,11STS,13SE,16H,25R,26F,28D,31F,31FY,32Y,32YN,33N,37Y,37YV,38V,40F,47F,57S,58A,58AY,60Y,67I,70D,70DA,71E,73A,74A,77T,77TY,78Y,85V,85VV,86V,96H,96HK,98K,98KN,98KS,108P,120S,140TV,149H,180V,180VTP,181T,189R,,,,,
DRB1*13:12,rq57S,rq75VT,4R,11STS,13SE,16H,25R,26F,28D,31F,31FY,32Y,32YN,33N,37Y,37YV,38V,40F,47Y,47YR,57S,58A,58AY,60Y,67I,70D,70DA,70DR,70DRA,71R,73A,74A,77T,77TY,78Y,85V,86G,96H,96HK,98K,98KS,108P,112H,120S,140TV,149H,180V,180VTP,181T,189R,,,,
DRB1*13:21,rq57S,rq75VT,4R,11STS,13SE,16H,25R,26F,28D,31F,31FY,32Y,32YN,33N,37Y,37YV,38V,40F,47F,57S,58A,58AY,60Y,67F,70D,70DA,70DR,70DRA,71R,73A,74A,77T,77TY,78Y,85V,86G,96H,98K,108P,112H,,,,,,,,,,,,,,
DRB3*02:08,rq57S,13SE,16H,25R,26F,30H,31F,31FH,32H,33N,37Y,38A,40F,47Y,47YR,51R,57S,58A,58AY,60Y,67LQ,70Q,70QK,70QQ,71K,73G,73GQ,77N,78Y,85V,86G,,,,,,,,,,,,,,,,,,,,,,,
DRB1*12:01,rq57V,rq74AV,rq75VT,rq140TV,4R,16Y,25R,26L,30H,31F,31FH,32H,33N,37L,38L,40F,47F,57V,58A,67I,70D,70DA,70DR,70DRA,71R,73A,74A,77T,77TY,78Y,85A,86V,96H,96HK,98K,98KS,108P,112H,120S,140TV,149H,180V,180VTP,181T,189R,,,,,,,,,
DRB1*12:02,rq57V,rq74AV,rq75VT,rq140TV,4R,16Y,25R,26L,30H,31F,31FH,32H,33N,37L,38L,40F,47F,57V,58A,67F,70D,70DA,70DR,70DRA,71R,73A,74A,77T,77TY,78Y,85A,86V,96H,96HK,98K,98KS,108P,112H,120S,140TV,149H,180V,180VTP,181T,189R,,,,,,,,,
DRB1*04:15,rp58E,rp58EE,rq75VT,4R,16H,25R,26F,28D,31F,31FY,32Y,37Y,37YV,38V,40F,47Y,47YR,57D,57DE,60Y,67F,70D,70DA,70DR,70DRA,71R,73A,74A,77T,77TY,78Y,85V,85VV,86V,96Y,98E,104A,104AK,108P,112H,120N,140TV,149Q,181T,189R,,,,,,,,,
DRB1*11:02,rp58E,rp58EE,rp67IE,rq75VT,4R,11STS,13SE,16H,25R,26F,28D,31F,31FY,32Y,32YN,33N,37Y,37YV,38V,40F,47F,57D,57DE,60Y,67I,70D,70DA,71E,73A,74A,77T,77TY,78Y,85V,85VV,86V,96H,96HK,98K,98KS,108P,112H,120S,140TV,149H,180V,180VTP,181T,189R,,,,,
DRB1*11:05,rp58E,rp58EE,rq75VT,4R,16H,25R,26F,28D,31F,31FY,32Y,32YN,33N,37Y,37YV,38V,40F,47F,57D,57DE,60Y,67F,70D,70DA,70DR,70DRA,71R,73A,74A,77T,77TY,78Y,85V,86G,96H,96HK,98K,98KS,108P,112H,120S,140TV,149H,180V,180VTP,181T,189R,,,,,,,
DRB1*11:06,rp58E,rp58EE,rq75VT,4R,11STS,13SE,16H,25R,26F,28D,31F,31FY,32Y,32YN,33N,37Y,37YV,38V,40F,47F,57D,57DE,60Y,67F,70D,70DA,70DR,70DRA,71R,73A,74A,77T,77TY,78Y,85A,86V,96H,96HK,98K,98KS,108P,112H,120S,140TV,149H,180V,180VTP,181T,189R,,,,,
DRB1*11:07,rp58E,rp58EE,11STS,13SE,16H,25R,26F,28D,31F,31FY,32Y,32YN,33N,37Y,37YV,38V,40F,47F,57D,57DE,60Y,67LQ,70Q,70QK,71K,73G,74R,77N,78Y,85V,85VV,86V,96H,96HK,98K,98KN,98KS,108P,120S,140TV,149H,180V,180VTP,181T,,,,,,,,,,
DRB1*11:08,rp58E,rp58EE,rq75VT,11STS,13SE,16H,25R,26F,28D,31F,31FY,32Y,32YN,33N,37Y,37YV,38V,40F,47F,57D,57DE,60Y,70D,70DA,70DR,70DRA,71R,73A,74A,77T,77TY,78Y,85V,86G,96H,96HK,98K,98KS,108P,112H,120S,140TV,149H,180V,180VTP,181T,,,,,,,,
DRB1*11:09,rp58E,rp58EE,rq75VT,4R,11STS,13SE,16H,25R,26F,28D,31F,31FH,32H,33N,37N,38V,40F,47F,57D,57DE,60Y,67F,70D,70DA,70DR,70DRA,71R,73A,74A,77T,77TY,78Y,85V,86G,96H,96HK,98K,98KS,108P,112H,120S,140TV,149H,180V,180VTP,181T,189R,,,,,,,
DRB1*11:10,rp58E,rp58EE,rq75VT,11STS,13SE,16H,25R,26F,28D,31F,31FH,32H,33N,37F,37FV,38V,40F,47F,57D,57DE,60Y,67F,70D,70DA,70DR,70DRA,71R,73A,74A,77T,77TY,78Y,85V,86G,,,,,,,,,,,,,,,,,,,,
DRB1*11:11,rp58E,rp58EE,rq75VT,4R,11STS,13SE,16H,25R,26F,28D,31F,31FY,32Y,32YN,33N,37Y,37YV,38V,40F,47F,57D,57DE,60Y,67F,70D,70DA,71E,73A,74A,77T,77TY,78Y,85V,86G,96H,96HK,98K,98KS,108P,112H,120S,140TV,149H,180V,180VTP,181T,189R,,,,,,,
DRB1*11:13,rp58E,rp58EE,rq70RK/R,rq75VT,4R,11STS,13SE,16H,25R,26F,28D,31F,31FH,32H,33N,37F,37FV,38V,40F,47F,57D,57DE,60Y,70R,71R,73A,74A,77T,77TY,78Y,85V,85VV,86V,96H,96HK,98K,98KS,108P,112H,120S,140TV,149H,180V,180VTP,181T,,,,,,,,,
DRB1*11:14,rp58E,rp58EE,rp67IE,rq75VT,4R,11STS,13SE,16H,25R,26F,28D,31F,31FY,32Y,32YN,33N,37Y,37YV,38V,40F,47F,57D,57DE,60Y,67I,70D,70DA,71E,73A,74A,77T,77TY,78Y,85V,86G,96H,96HK,98K,98KS,108P,112H,120S,140TV,149H,180V,180VTP,181T,189R,,,,,,
DRB1*11:15,rp58E,rp58EE,rq75VT,4R,11STS,13SE,16H,25R,26F,28D,31F,31FY,32Y,32YN,33N,38L,40F,47F,57D,57DE,60Y,67F,70D,70DA,70DR,70DRA,71R,73A,74A,77T,77TY,78Y,85V,86G,96H,96HK,98K,98KS,108P,112H,120S,140TV,149H,180V,180VTP,181T,189R,,,,,,,
DRB1*11:17,rp58E,rp58EE,rq70RK/R,rq75VT,4R,11STS,13SE,16H,25R,26F,28D,31F,31FH,32H,33N,37F,37FV,38V,40F,47Y,47YR,57D,57DE,60Y,70R,70RE,71R,73A,74E,77T,77TY,78Y,85V,85VV,86V,96H,96HK,98K,98KN,98KS,108P,112H,120S,140TV,149H,180V,180VTP,181T,189R,,,,,
DRB1*11:19,rp58E,rp58EE,rq75VT,4R,11STS,13SE,16H,25R,26F,28D,31F,31FY,32Y,32YN,33N,37Y,37YV,38V,40F,47F,57D,57DE,60Y,67I,70D,70DA,70DR,70DRA,71R,73A,74A,77T,77TY,78Y,85V,86G,96H,96HK,98K,98KS,108P,112H,120S,140TV,149H,180V,180VTP,181T,189R,,,,,
DRB1*12:04,rp58E,rp58EE,rq75VT,16Y,25R,26L,30H,31F,31FH,32H,33N,37L,38L,40F,47F,57D,57DE,60Y,67I,70D,70DA,70DR,70DRA,71R,73A,74A,77T,77TY,78Y,85A,86V,,,,,,,,,,,,,,,,,,,,,,,
DRB1*14:11,rp58E,rp58EE,rq70RK/R,rq75VT,4R,16Y,25R,26F,28D,31F,31FH,32H,33N,37F,37FV,38V,40F,47Y,47YR,57D,57DE,60Y,70R,70RE,71R,73A,74E,77T,77TY,78Y,85V,85VV,86V,96H,96HK,98K,98KS,108P,112H,120S,140TV,149H,180V,180VTP,181T,189R,,,,,,,,
DRB3*02:18,rp58E,rp58EE,13SE,16H,25R,26F,30H,31F,31FH,32H,33N,37Y,38A,40F,47Y,47YR,51R,57D,57DE,60Y,67LQ,70Q,70QK,70QQ,71K,73G,73GQ,77N,78Y,85V,86G,,,,,,,,,,,,,,,,,,,,,,,
DRB5*01:13,rp58E,rp58EE,rq75VT,16H,25R,26F,28H,30D,31I,32Y,32YN,33N,38L,40F,47Y,47YR,57D,57DE,60Y,67F,70D,70DA,70DR,70DRA,71R,73A,74A,77T,77TY,78Y,85V,86G,,,,,,,,,,,,,,,,,,,,,,
DRB1*13:08,rp67IE,rq75VT,4R,11STS,13SE,16H,25R,26F,28D,31F,31FH,32H,33N,37F,37FV,38V,40F,47Y,47YR,57D,57DA,58A,58AY,60Y,67I,70D,70DA,71E,73A,74A,77T,77TY,78Y,85V,85VV,86V,96H,96HK,98K,98KS,108P,112H,120S,140TV,149H,180V,180VTP,181T,189R,,,,,
DRB1*13:15,rp67IE,rq75VT,11STS,13SE,16H,25R,26F,31F,31FH,32H,33N,37N,38V,40F,47F,57D,57DA,58A,58AY,60Y,67I,70D,70DA,71E,73A,74A,77T,77TY,78Y,85V,85VV,86V,,,,,,,,,,,,,,,,,,,,,,
DRB1*13:16,rp67IE,rq75VT,11STS,13SE,16H,25R,26F,28D,31F,31FH,32H,33N,37N,38V,40F,47F,57D,57DA,58A,58AY,60Y,67I,70D,70DA,71E,73A,74A,77T,77TY,78Y,85V,,,,,,,,,,,,,,,,,,,,,,,
DRB1*13:19,rp67IE,rq75VT,4R,11STS,13SE,16H,25R,26F,31F,31FH,32H,33N,37F,37FV,38V,40F,47Y,47YR,57D,57DA,58A,58AY,60Y,67I,70D,70DA,71E,73A,74A,77T,77TY,78Y,85V,85VV,86V,96H,98K,108P,,,,,,,,,,,,,,,,
DRB1*13:27,rp67IE,rq75VT,4R,11STS,13SE,16H,25R,26Y,28D,31F,31FH,32H,33N,37N,38V,40F,47F,57D,57DA,58A,58AY,60Y,67I,70D,70DA,71E,73A,74A,77T,77TY,78Y,85V,85VV,86V,96H,96HK,98K,98KS,108P,112H,120S,140TV,149H,180V,180VTP,181T,189R,,,,,,,
DRB1*13:31,rp67IE,rq75VT,11STS,13SE,16H,25R,26F,28D,31F,31FH,32H,33N,37N,38V,40F,47F,58A,58AY,60Y,67I,70D,70DA,71E,73A,74A,77T,77TY,78Y,85V,86G,,,,,,,,,,,,,,,,,,,,,,,,
DRB1*14:16,rp67IE,rq75VT,11STS,13SE,16H,25R,26F,28D,31F,31FH,32H,33N,37F,37FV,38V,40F,47Y,47YR,57A,58A,67I,70D,70DA,71E,73A,74A,77T,77TY,78Y,85V,85VV,86V,,,,,,,,,,,,,,,,,,,,,,
DRB1*14:05,rq70RK/R,rq75VT,4R,11STS,13SE,25R,26F,28D,31F,31FH,32H,33N,37F,37FV,38V,40F,47Y,47YR,57D,57DA,58A,58AY,60Y,70R,70RE,71R,73A,74E,77T,77TY,78Y,85V,85VV,86V,96H,96HK,98K,98KS,108P,112H,120S,140TV,149H,180V,180VTP,181T,189R,,,,,,,
DRB1*14:07,rq70RK/R,rq75VT,4R,11STS,13SE,16H,25R,26F,28D,31F,31FH,32H,33N,37F,37FV,38V,40F,47Y,47YR,57A,58A,70R,70RE,71R,73A,74E,77T,77TY,78Y,85V,86G,96H,96HK,98K,98KS,108P,112H,120S,140TV,149H,180V,180VTP,181T,189R,,,,,,,,,,
DRB1*14:08,rq70RK/R,rq75VT,4R,11STS,13SE,16H,25R,26F,28D,31F,31FH,32H,33N,37F,37FV,38V,40F,47Y,47YR,58A,70R,70RE,71R,73A,74E,77T,77TY,78Y,85V,85VV,86V,96H,96HK,98K,98KN,98KS,108P,120S,140TV,149H,180V,180VTP,181T,189R,,,,,,,,,,
DRB1*14:10,rq70RK/R,rq75VT,4R,16H,25R,26F,28D,31F,31FH,32H,33N,37F,37FV,38V,40F,47Y,47YR,57A,58A,70R,70RE,71R,73A,74E,77T,77TY,78Y,85V,85VV,86V,96H,96HK,98K,98KS,108P,112H,120S,140TV,149H,180V,180VTP,181T,189R,,,,,,,,,,,
DRB1*14:18,rq70RK/R,rq75VT,11STS,13SE,16H,25R,26F,31F,31FH,32H,33N,37N,38V,40F,47Y,47YR,57D,57DA,58A,58AY,60Y,70R,70RE,71R,73A,74E,77T,77TY,78Y,85V,85VV,86V,96H,96HK,98K,98KN,98KS,108P,120S,140TV,149H,180V,180VTP,181T,,,,,,,,,,
DRB4*01:02,rq70RK/R,rq75VT,31I,32Y,32YN,33N,37Y,38A,47Y,48Q,57D,57DA,58A,58AY,60Y,70R,70RE,71R,73A,74E,77T,77TY,78Y,85V,85VV,86V,96Q,96QN,98K,98KN,108P,112H,120N,140A,140AV,149Q,,,,,,,,,,,,,,,,,,
DRB4*01:04,rq70RK/R,16H,31I,32Y,32YN,33N,37Y,38A,47Y,48Q,57D,57DA,58A,58AY,60Y,70R,70RE,71R,78Y,85V,85VV,86V,,,,,,,,,,,,,,,,,,,,,,,,,,,,,,,,
DRB4*01:05,rq70RK/R,rq75VT,16H,31I,32Y,32YN,33N,37Y,38A,47Y,48Q,57D,57DA,58A,58AY,60Y,70R,70RE,71R,73A,74E,77T,77TY,78Y,85V,85VV,86V,,,,,,,,,,,,,,,,,,,,,,,,,,,
DRB4*01:06,rq70RK/R,rq75VT,16H,31I,32Y,32YN,33N,37Y,38A,47Y,48Q,57D,57DA,58A,58AY,60Y,70R,70RE,71R,73A,74E,77T,77TY,78Y,85V,85VV,86V,96Q,96QN,98K,98KN,108P,112Y,120N,133RS,140A,140AV,149Q,181M,,,,,,,,,,,,,,,
DRB4*01:07,rq70RK/R,rq75VT,4Q,16H,31I,32Y,32YN,33N,37Y,38A,47Y,48Q,57D,57DA,58A,58AY,60Y,70R,70RE,71R,73A,74E,77T,77TY,78Y,85V,85VV,86V,,,,,,,,,,,,,,,,,,,,,,,,,,
DRB5*01:12,rq70RK/R,rq75VT,16H,25R,26F,28H,30D,31I,32Y,32YN,33N,38L,40F,47Y,47YR,58A,67F,70R,70RE,71R,73A,74E,77T,85V,86G,,,,,,,,,,,,,,,,,,,,,,,,,,,,,
DRB1*01:06,rq75VT,13FE,16H,25R,26L,30C,31I,32Y,32YN,33N,37S,38V,40F,47Y,47YR,57D,57DA,58A,58AY,60Y,67LQ,70Q,70QA,70QT,71A,73A,74A,77T,77TY,78Y,85V,85VV,86V,,,,,,,,,,,,,,,,,,,,,
DRB1*04:06,rq75VT,4R,16H,25R,26F,28D,31F,31FY,32Y,37S,38V,40F,47Y,47YR,57D,57DA,58A,58AY,60Y,67LQ,70Q,70QA,70QRA,70QT,71R,73A,74E,77T,77TY,78Y,85V,85VV,86V,96Y,98E,104A,104AK,108P,112H,120N,140TV,149Q,181T,189R,,,,,,,,,,
DRB1*04:07,rq75VT,4R,16H,25R,26F,28D,31F,31FY,32Y,37Y,37YV,38V,40F,47Y,47YR,57D,57DA,58A,58AY,60Y,67LQ,70Q,70QA,70QRA,70QT,71R,73A,74E,77T,77TY,78Y,85V,86G,96Y,98E,104A,104AK,108P,112H,120N,140TV,149Q,181T,189R,,,,,,,,,,
DRB1*04:08,rq75VT,4R,16H,25R,26F,28D,31F,31FY,32Y,37Y,37YV,38V,40F,47Y,47YR,57D,57DA,58A,58AY,60Y,67LQ,70Q,70QA,70QRA,70QT,71R,73A,74A,77T,77TY,78Y,85V,86G,96Y,98E,104A,104AK,108P,112H,120N,140TV,149Q,181T,189R,,,,,,,,,,
DRB1*04:13,rq75VT,16H,25R,26F,28D,31F,31FY,32Y,37Y,37YV,38V,40F,47Y,47YR,57D,57DA,58A,58AY,60Y,67LQ,70Q,70QA,70QK,70QT,71K,73A,74A,77T,77TY,78Y,85V,85VV,86V,,,,,,,,,,,,,,,,,,,,,
DRB1*04:18,rq75VT,16H,25R,26F,28D,31F,31FY,32Y,37Y,37YV,38V,40F,47Y,47YR,57D,57DA,58A,58AY,60Y,67I,70D,70DA,70DR,70DRA,71R,73A,74L,77T,77TY,78Y,85V,85VV,86V,,,,,,,,,,,,,,,,,,,,,
DRB1*08:02,rq75VT,4R,16Y,25R,26F,28D,31F,31FY,32Y,32YN,33N,37Y,37YV,38V,40F,47Y,47YR,57D,57DA,58A,58AY,60Y,67F,70D,70DA,70DR,70DRA,71R,73A,74L,77T,77TY,78Y,85V,86G,96H,96HK,98K,98KS,108P,112H,120S,140TV,149H,180V,180VTP,181T,189S,,,,,,
DRB1*08:04,rq75VT,4R,16Y,25R,26F,28D,31F,31FY,32Y,32YN,33N,37Y,37YV,38V,40F,47Y,47YR,57D,57DA,58A,58AY,60Y,67F,70D,70DA,70DR,70DRA,71R,73A,74L,77T,77TY,78Y,85V,85VV,86V,96H,96HK,98K,98KS,108P,112H,120S,140TV,149H,180V,180VTP,181T,189S,,,,,
DRB1*08:09,rq75VT,4R,16Y,25R,26F,28D,31F,31FH,32H,33N,37F,37FV,38V,40F,47Y,47YR,57D,57DA,58A,58AY,60Y,67F,70D,70DA,70DR,70DRA,71R,73A,74L,77T,77TY,78Y,85V,86G,96H,96HK,98K,98KS,108P,112H,120S,140TV,149H,180V,180VTP,181T,189S,,,,,,,
DRB1*08:11,rq75VT,4R,16Y,25R,26F,28D,31F,31FY,32Y,32YN,33N,37Y,37YV,38V,40F,47Y,47YR,58A,58AY,60Y,67F,70D,70DA,70DR,70DRA,71R,73A,74L,77T,77TY,78Y,85V,86G,96H,96HK,98K,98KS,108P,112H,120S,140TV,149H,180V,180VTP,181T,189S,,,,,,,,
DRB1*08:13,rq75VT,4R,16Y,25R,26F,28D,31F,31FY,32Y,32YN,33N,37Y,37YV,38V,40F,47Y,47YR,57D,57DA,58A,58AY,60Y,70D,70DA,70DR,70DRA,71R,73A,74L,77T,77TY,78Y,85V,86G,96H,96HK,98K,98KS,108P,112H,120S,140TV,149H,180V,180VTP,181T,189S,,,,,,,
DRB1*12:03,rq75VT,16Y,25R,26L,30H,31F,31FH,32H,33N,37L,38L,40F,47F,57V,58A,67I,70D,70DA,70DR,70DRA,71R,73A,74A,77T,77TY,78Y,85V,85VV,86V,96H,96HK,98K,98KN,98KS,108P,120S,140TV,149H,180V,180VTP,181T,,,,,,,,,,,,,
DRB1*12:05,rq75VT,16Y,25R,26L,30H,31F,31FH,32H,33N,37F,37FL,38L,40F,47F,57V,58A,67I,70D,70DA,70DR,70DRA,71R,73A,74A,77T,77TY,78Y,85A,86V,,,,,,,,,,,,,,,,,,,,,,,,,
DRB1*13:06,rq75VT,4R,11STS,13SE,16H,25R,26F,28D,31F,31FH,32H,33N,37N,38V,40F,47F,57D,57DA,58A,58AY,60Y,67I,70D,70DA,70DR,70DRA,71R,73A,74A,77T,77TY,78Y,85V,85VV,86V,96H,96HK,98K,98KS,108P,112H,120S,140TV,149H,180V,180VTP,181T,189R,,,,,,
DRB1*13:07,rq75VT,4R,11STS,13SE,16H,25R,26F,28D,31F,31FY,32Y,32YN,33N,37Y,37YV,38V,40F,47Y,47YR,57D,57DA,58A,58AY,60Y,67F,70D,70DA,70DR,70DRA,71R,73A,74A,77T,77TY,78Y,85V,86G,96H,96HK,98K,98KN,98KS,108P,120S,140TV,149H,180V,180VTP,181T,189R,,,,
DRB1*13:09,rq75VT,11STS,13SE,16H,25R,26F,28D,31F,31FH,32H,33N,37N,38V,40F,47F,57D,57DA,58A,58AY,60Y,67I,70Q,70QA,70QT,71A,73A,74A,77T,77TY,78Y,85V,85VV,86V,,,,,,,,,,,,,,,,,,,,,
DRB1*13:10,rq75VT,4R,11STS,13SE,16H,25R,26F,28D,31F,31FH,32H,33N,37N,38V,40F,47F,57D,57DA,58A,58AY,60Y,67I,70D,70DA,71K,73A,74A,77T,77TY,78Y,85V,85VV,86V,96H,96HK,98K,98KS,108P,112H,120S,140TV,149H,180V,180VTP,181T,189R,,,,,,,,
DRB1*13:11,rq75VT,4R,11STS,13SE,16H,25R,26F,28D,31F,31FY,32Y,32YN,33N,37Y,37YV,38V,40F,47F,57D,57DA,58A,58AY,60Y,67F,70D,70DA,70DR,70DRA,71R,73A,74A,77T,77TY,78Y,85V,85VV,86V,96H,96HK,98K,98KS,108P,112H,120S,140TV,149H,180V,180VTP,181T,189R,,,,
DRB1*13:14,rq75VT,11STS,13SE,16H,25R,26F,28D,31F,31FY,32Y,32YN,33N,37Y,37YV,38V,40F,47F,57D,57DA,58A,58AY,60Y,67F,70D,70DA,70DR,70DRA,71R,73A,74A,77T,77TY,78Y,85V,86G,96H,96HK,98K,98KS,108P,112H,120S,140TV,149H,180V,180VTP,181T,,,,,,,
DRB1*13:18,rq75VT,11STS,13SE,16H,25R,26F,28D,31F,31FH,32H,33N,37N,38V,40F,47F,57D,57DA,58A,58AY,60Y,67F,70D,70DA,70DR,70DRA,71R,73A,74L,77T,77TY,78Y,85V,85VV,86V,,,,,,,,,,,,,,,,,,,,
DRB1*13:20,rq75VT,4R,11STS,13SE,16H,25R,26F,28D,31F,31FH,32H,33N,37N,38V,40F,47F,57D,57DA,58A,58AY,60Y,70D,70DA,71E,73A,74A,77T,77TY,78Y,85V,85VV,86V,96H,96HK,98K,98KS,108P,112H,120S,140TV,149H,180V,180VTP,181T,189R,,,,,,,,,
DRB1*13:24,rq75VT,11STS,13SE,16H,25R,26F,28D,31F,31FY,32Y,32YN,33N,37Y,37YV,38V,40F,47F,57D,57DA,58A,58AY,60Y,67F,70D,70DA,71E,73A,74A,77T,77TY,78Y,85V,85VV,86V,,,,,,,,,,,,,,,,,,,,
DRB1*14:06,rq75VT,4R,11STS,13SE,16H,25R,26F,31F,31FH,32H,33N,37N,38V,40F,47Y,47YR,57D,57DA,58A,58AY,60Y,67LQ,70Q,70QA,70QRA,70QT,71R,73A,74A,77T,77TY,78Y,85V,85VV,86V,96H,96HK,98K,98KS,108P,112H,120S,140TV,149H,180V,180VTP,181T,189R,,,,,,
DRB1*14:12,rq75VT,4R,11STS,13SE,16H,25R,26F,31F,31FH,32H,33N,37N,38V,40F,47Y,47YR,57D,57DA,58A,58AY,60Y,70D,70DA,70DR,70DRA,71R,73A,74L,77T,77TY,78Y,85V,85VV,86V,96H,96HK,98K,98KN,98KS,108P,120S,140TV,149H,180V,180VTP,181T,189R,,,,,,,
DRB1*14:15,rq75VT,16Y,25R,26F,28D,31F,31FH,32H,33N,37F,37FV,38V,40F,47Y,47YR,57D,57DA,58A,58AY,60Y,67F,70D,70DA,70DR,70DRA,71R,73A,74L,77T,77TY,78Y,85V,85VV,86V,96H,96HK,98K,98KN,98KS,108P,120S,140TV,149H,180V,180VTP,181T,,,,,,,,
DRB1*14:17,rq75VT,4R,11STS,13SE,16H,25R,26F,28D,31F,31FH,32H,33N,37N,38V,40F,47F,57D,57DA,58A,58AY,60Y,67LQ,70Q,70QA,70QRA,70QT,71R,73A,74A,77T,77TY,78Y,85V,85VV,86V,96H,96HK,98K,98KN,98KS,108P,120S,140TV,149H,180V,180VTP,181T,189R,,,,,,
DRB1*14:19,rq75VT,4R,11STS,13SE,16H,25R,26F,31F,31FH,32H,33N,37N,38V,40F,47Y,47YR,57D,57DA,58A,58AY,60Y,67LQ,70Q,70QA,70QK,70QT,71K,73A,74A,77T,77TY,78Y,85V,86G,,,,,,,,,,,,,,,,,,,,
DRB1*14:20,rq75VT,11STS,13SE,16H,25R,26F,31F,31FH,32H,33N,37F,37FV,38V,40F,47Y,47YR,57D,57DA,58A,58AY,60Y,67LQ,70Q,70QA,70QRA,70QT,71R,73A,74A,77T,77TY,78Y,85V,85VV,86V,,,,,,,,,,,,,,,,,,,
DRB1*14:24,rq75VT,4R,11STS,13SE,16H,25R,26F,31F,31FH,32H,33N,37N,38V,40F,47Y,47YR,57D,57DA,58A,58AY,60Y,67I,70Q,70QA,70QT,71A,73A,74A,77T,77TY,78Y,85V,86G,96H,96HK,98K,98KN,98KS,108P,120S,140TV,149H,180V,180VTP,181T,189R,,,,,,,,
DRB1*15:04,rq75VT,4R,16H,25R,26F,28D,31F,31FY,32Y,32YN,33N,37S,38V,40F,47F,57D,57DA,58A,58AY,60Y,67F,70Q,70QA,70QT,71A,73A,74A,77T,77TY,78Y,85V,85VV,86V,96Q,98K,98KS,108P,112H,120S,140A,142M,149Q,180V,180VTP,181T,189R,,,,,,,,
DRB1*15:06,rq75VT,16H,25R,26F,28D,31F,31FY,32Y,32YN,33N,37S,38V,40F,47F,57D,57DA,58A,58AY,60Y,67I,70Q,70QA,70QT,71A,73A,74A,77T,77TY,78Y,85V,85VV,86V,96Q,98K,98KN,98KS,108P,120S,140A,142M,149Q,180V,180VTP,181T,189R,,,,,,,,,
DRB1*16:04,rq75VT,4R,16H,25R,26F,28D,31F,31FY,32Y,32YN,33N,37S,38V,40F,47Y,47YR,57D,57DA,58A,58AY,60Y,67F,70D,70DA,70DR,70DRA,71R,73A,74L,77T,77TY,78Y,85V,86G,96Q,98K,98KS,108P,112H,120S,140A,142M,149Q,180V,180VTP,181T,189R,,,,,,,
DRB1*16:08,rq75VT,16H,25R,26F,28D,31F,31FY,32Y,32YN,33N,37N,38V,40F,47Y,47YR,57D,57DA,58A,58AY,60Y,67F,70D,70DA,70DR,70DRA,71R,73A,74A,77T,77TY,78Y,85V,86G,,,,,,,,,,,,,,,,,,,,,
DRB3*02:15,rq75VT,13SE,16H,25R,26F,30H,31F,31FH,32H,33N,37Y,38A,40F,47Y,47YR,51R,57D,57DA,58A,58AY,60Y,67LQ,70Q,70QK,70QQ,70QT,71K,73G,73GQ,77T,77TY,78Y,85V,86G,,,,,,,,,,,,,,,,,,,,
DRB5*01:02,rq75VT,4R,16H,25R,26F,28H,30G,31I,32Y,32YN,33N,37N,38V,40F,47Y,47YR,57D,57DA,58A,58AY,60Y,67F,70D,70DA,70DR,70DRA,71R,73A,74A,77T,77TY,78Y,85V,86G,96EV,98K,98KN,104A,108T,112H,120N,133RS,140A,140AV,149Q,180V,180VTP,181T,189R,,,,,
DRB5*01:03,rq75VT,16H,25R,26F,28H,30G,31I,32Y,32YN,33N,37N,38V,40F,47Y,47YR,57D,57DA,58A,58AY,60Y,67F,70D,70DA,73A,74A,77T,77TY,78Y,85V,86G,96EV,98K,98KN,104A,108T,120N,133RS,140A,140AV,149Q,180V,180VTP,181T,189R,,,,,,,,,,
DRB5*01:04,rq75VT,4R,16H,25R,26F,28H,30D,31I,32Y,32YN,33N,38L,40F,47Y,47YR,57D,57DA,58A,58AY,60Y,67F,70D,70DA,70DR,70DRA,71R,73A,74L,77T,77TY,78Y,85V,86G,96EV,98K,104A,108T,,,,,,,,,,,,,,,,,
DRB5*01:05,rq75VT,16H,25R,26F,28H,31I,32Y,32YN,33N,38V,40F,47Y,47YR,57D,57DA,58A,58AY,60Y,67F,70D,70DA,70DR,70DRA,71R,73A,74A,77T,77TY,78Y,85V,86G,,,,,,,,,,,,,,,,,,,,,,,
DRB5*01:06,rq75VT,16H,25R,26F,28H,30D,31I,32Y,32YN,33N,38L,40F,47Y,47YR,57D,57DA,58A,58AY,60Y,67I,70Q,70QA,70QT,71A,73A,74A,77T,77TY,78Y,85A,86V,,,,,,,,,,,,,,,,,,,,,,,
DRB5*01:07,rq75VT,16H,25R,26F,28H,30D,31I,32Y,32YN,33N,38L,40F,47Y,47YR,57D,57DA,58A,58AY,60Y,67I,70D,70DA,70DR,70DRA,71R,73A,74A,77T,77TY,78Y,85V,86G,,,,,,,,,,,,,,,,,,,,,,
DRB5*01:09,rq75VT,16H,25R,26F,28H,30D,31I,32Y,32YN,33N,38L,40F,47Y,47YR,57D,57DA,58A,58AY,60Y,67F,71R,73A,74A,77T,77TY,78Y,85V,86G,,,,,,,,,,,,,,,,,,,,,,,,,,
DRB5*01:11,rq75VT,16H,25R,26F,28H,30D,31I,32Y,32YN,33N,38L,40F,47Y,47YR,57D,57DA,58A,58AY,60Y,67I,70Q,70QA,70QT,71A,73A,74A,77T,77TY,78Y,85V,86G,,,,,,,,,,,,,,,,,,,,,,,
DRB5*02:03,rq75VT,6C,16H,25R,26F,28H,30G,31I,32Y,32YN,33N,37N,38V,40F,47Y,47YR,57D,57DA,58A,58AY,60Y,67I,70Q,70QA,70QT,71A,73A,74A,77T,77TY,78Y,85V,86G,96EV,98K,98KN,104A,108T,120N,140A,140AV,149Q,180V,180VTP,181T,189R,,,,,,,,
DRB5*02:04,rq75VT,6C,16H,25R,26F,28H,30G,31I,32Y,32YN,33N,37N,38V,40F,47Y,47YR,57D,57DA,58A,58AY,60Y,67F,70Q,70QA,70QT,71A,73A,74A,77T,77TY,78Y,85A,86V,,,,,,,,,,,,,,,,,,,,,
DRB5*02:05,rq75VT,6C,16H,25R,26F,28H,30G,31I,32Y,32YN,33N,37N,38V,40F,47Y,47YR,57D,57DA,58A,58AY,60Y,67LQ,70Q,70QA,70QRA,70QT,71R,73A,74A,77T,77TY,78Y,85A,86V,,,,,,,,,,,,,,,,,,,,
DRB1*03:04,4R,11STS,13SE,16H,25R,26Y,28D,31F,31FH,32H,33N,37S,38V,40F,47F,57D,57DA,58A,58AY,60Y,67LQ,70Q,70QK,71K,73G,74R,77N,78Y,85V,85VV,86V,96H,96HK,98K,98KS,108P,112H,120S,140TV,149H,180V,180VTP,181T,189R,,,,,,,,,,
DRB1*03:07,4R,11STS,13SE,16H,25R,26F,28D,31F,31FH,32H,33N,37N,38V,40F,47F,57D,57DA,58A,58AY,60Y,67LQ,70Q,70QK,71K,73G,74R,77N,78Y,85V,85VV,86V,96H,96HK,98K,98KN,98KS,108P,120S,140TV,149H,180V,180VTP,181T,189R,,,,,,,,,,
DRB3*01:02,4R,13SE,16H,25R,26Y,28D,31F,31FH,32H,33N,37F,37FL,38L,40F,47Y,47YR,57V,58A,67LQ,70Q,70QK,71K,73G,74R,77N,78Y,85V,86G,,,,,,,,,,,,,,,,,,,,,,,,,,
DRB3*02:10,4R,13SE,16H,25R,26F,30H,31F,31FH,32H,33N,37Y,38A,40F,47Y,47YR,57D,57DA,58A,58AY,60Y,67LQ,70Q,70QK,70QQ,71K,73G,73GQ,77N,78Y,85V,86G,96H,98Q,104A,104AK,108P,112H,120S,140A,140AV,149Q,180V,180VTP,181T,189S,,,,,,,,,
DRB3*02:11,4R,13SE,16H,25R,26F,30H,31F,31FH,32H,33N,37Y,38A,40F,47Y,47YR,51R,57D,57DA,58A,58AY,60Y,67I,70Q,70QK,70QQ,71K,73G,73GQ,77N,78Y,85V,86G,96H,98Q,104A,104AK,108P,112H,120S,140A,140AV,149Q,180V,180VTP,181T,189S,,,,,,,,
DRB1*03:05,11STS,13SE,16H,25R,26Y,28D,31F,31FH,32H,33N,37N,38V,40F,47F,57D,57DA,58A,58AY,60Y,67LQ,70Q,70QK,71K,73G,74R,77N,78Y,85V,86G,,,,,,,,,,,,,,,,,,,,,,,,,
DRB3*01:03,13SE,16H,25R,26Y,31F,31FH,32H,33N,37F,37FL,38L,40F,47Y,47YR,57V,58A,67LQ,70Q,70QK,71K,73G,74R,77N,78Y,85V,86G,,,,,,,,,,,,,,,,,,,,,,,,,,,,
DRB3*01:04,13SE,16H,25R,26Y,28D,31F,31FH,32H,33N,37F,37FL,38L,40F,47Y,47YR,57V,58A,67LQ,70Q,70QK,71K,73G,74R,77N,78Y,85V,86G,,,,,,,,,,,,,,,,,,,,,,,,,,,
DRB3*01:05,13SE,16H,25R,26Y,31F,31FH,32H,33N,37F,37FL,38L,40F,47Y,47YR,57V,58A,67LQ,70Q,70QK,71K,73G,74R,77N,78Y,85V,86G,,,,,,,,,,,,,,,,,,,,,,,,,,,,
DRB3*01:06,13SE,16H,25R,26Y,28D,31F,31FH,32H,33N,37F,37FV,38V,40F,47Y,47YR,57V,58A,67LQ,70Q,70QK,71K,73G,74R,77N,78Y,85V,86G,,,,,,,,,,,,,,,,,,,,,,,,,,,
DRB3*01:07,13SE,16H,25R,26Y,28D,31F,31FH,32H,33N,37Y,38A,40F,47Y,47YR,51R,57D,57DA,58A,58AY,60Y,67LQ,70Q,70QK,70QQ,71K,73G,73GQ,77N,78Y,85V,86G,,,,,,,,,,,,,,,,,,,,,,,
DRB3*01:08,13SE,16H,25R,26Y,28D,31F,31FH,32H,33N,37N,38V,40F,47Y,47YR,57V,58A,67LQ,70Q,70QK,71K,73G,74R,77N,78Y,85V,86G,,,,,,,,,,,,,,,,,,,,,,,,,,,,
DRB3*01:09,13SE,16H,25R,26F,30H,31F,31FH,32H,33N,37Y,38A,40F,47Y,47YR,57V,58A,67LQ,70Q,70QK,71K,73G,74R,77N,78Y,85V,86G,,,,,,,,,,,,,,,,,,,,,,,,,,,,
DRB3*01:10,13SE,16H,25R,26Y,28D,31F,31FH,32H,33N,37F,37FL,38L,40F,47Y,47YR,57V,58A,67LQ,70Q,70QK,71K,73G,74R,77N,78Y,85V,86G,,,,,,,,,,,,,,,,,,,,,,,,,,,
DRB3*01:11,13SE,16H,25R,26Y,28D,31F,31FH,32H,33N,37F,37FL,38L,40F,47Y,47YR,57V,58A,67LQ,70Q,70QK,71K,73G,74R,77N,78Y,85V,86G,,,,,,,,,,,,,,,,,,,,,,,,,,,
DRB3*02:03,13SE,16H,25R,26F,30H,31F,31FH,32H,33N,37S,38V,40F,47Y,47YR,51R,57D,57DA,58A,58AY,60Y,67LQ,70Q,70QK,70QQ,71K,73G,73GQ,77N,78Y,85V,86G,,,,,,,,,,,,,,,,,,,,,,,
DRB3*02:04,13SE,16H,25R,26F,30H,31F,31FH,32H,33N,37Y,38A,40F,47Y,47YR,51R,57D,57DA,58A,58AY,60Y,67LQ,70Q,70QK,71K,73G,74R,77N,78Y,85V,85VV,86V,,,,,,,,,,,,,,,,,,,,,,,
DRB3*02:05,13SE,16H,25R,26F,31F,31FH,32H,33N,37Y,38A,40F,47Y,47YR,51R,57D,57DA,58A,58AY,60Y,67LQ,70Q,70QK,70QQ,71K,73G,73GQ,77N,78Y,85V,86G,,,,,,,,,,,,,,,,,,,,,,,,
DRB3*02:06,13SE,16H,25R,26F,30H,31F,31FH,32H,33N,40F,47Y,47YR,51R,57D,57DA,58A,58AY,60Y,67LQ,70Q,70QK,70QQ,71K,73G,73GQ,77N,78Y,85V,86G,,,,,,,,,,,,,,,,,,,,,,,,,
DRB3*02:07,13SE,16H,25R,26F,30H,31F,31FH,32H,33N,37Y,38A,40F,47Y,47YR,51R,58A,58AY,60Y,67LQ,70Q,70QK,70QQ,71K,73G,73GQ,77N,78Y,85V,86G,,,,,,,,,,,,,,,,,,,,,,,,,
DRB3*02:09,13SE,16H,25R,26F,30H,31F,31FH,32H,33N,37Y,38A,40F,47Y,47YR,57V,58A,67LQ,70Q,70QK,70QQ,71K,73G,73GQ,77N,78Y,85V,86G,,,,,,,,,,,,,,,,,,,,,,,,,,,
DRB3*02:12,13SE,16H,25R,26F,30H,31F,31FH,32H,33N,37Y,38A,40F,47Y,47YR,51R,57D,57DA,58A,58AY,60Y,67LQ,70Q,70QK,70QQ,71K,73G,73GQ,77N,78Y,85V,86G,,,,,,,,,,,,,,,,,,,,,,,
DRB3*02:13,13SE,16H,25R,26L,30H,31F,31FH,32H,33N,37Y,38A,40F,47Y,47YR,51R,57D,57DA,58A,58AY,60Y,67LQ,70Q,70QK,70QQ,71K,73G,73GQ,77N,78Y,85V,86G,,,,,,,,,,,,,,,,,,,,,,,
DRB3*02:14,13SE,16H,25R,26F,30H,31F,31FH,32H,33N,37Y,38A,40F,47Y,47YR,51R,57D,57DA,58A,58AY,60Y,67LQ,70Q,70QK,70QQ,71K,73G,73GQ,77N,78Y,85V,,,,,,,,,,,,,,,,,,,,,,,,
DRB3*02:16,13SE,16H,25R,26F,30H,31F,31FH,32H,33N,37Y,38A,40F,47Y,47YR,51R,57A,58A,67LQ,70Q,70QK,70QQ,71K,73G,73GQ,77N,78Y,85V,86G,,,,,,,,,,,,,,,,,,,,,,,,,,
DRB3*02:17,13SE,16H,25R,26F,30H,31F,31FH,32H,33N,37Y,38A,40F,47Y,47YR,51R,57D,57DA,58A,58AY,60Y,67F,70Q,70QK,70QQ,71K,73G,73GQ,77N,78Y,85V,86G,,,,,,,,,,,,,,,,,,,,,,,
DRB3*02:19,13SE,16H,25R,26F,30H,31F,31FH,32H,33N,37Y,38A,40F,47Y,47YR,51R,58A,67LQ,70Q,70QK,71K,73G,74R,77N,78Y,85V,86G,,,,,,,,,,,,,,,,,,,,,,,,,,,,
DRB3*03:02,13SE,16H,25R,26F,30H,31F,31FH,32H,33N,37F,37FV,38V,40F,47Y,47YR,57V,58A,67LQ,70Q,70QK,70QQ,71K,73G,73GQ,77N,78Y,85V,85VV,86V,,,,,,,,,,,,,,,,,,,,,,,,,
DRB3*03:03,13SE,16H,25R,26F,31F,31FH,32H,33N,37F,37FV,38V,40F,47Y,47YR,57V,58A,67LQ,70Q,70QK,71K,73G,74R,77N,78Y,85V,86G,96H,98Q,104A,104AK,108P,112H,120S,140TV,149H,180V,180VTP,181T,,,,,,,,,,,,,,,,
